ID,Period,Date,First,Second,Third,Fourth,Fifth,Sixth,Special
1,97001,2008-01-24,3,4,16,18,36,37,2
2,97002,2008-01-28,2,15,16,14,28,29,8
3,97003,2008-01-31,13,23,11,19,9,6,2
4,97004,2008-02-04,2,26,10,18,6,23,5
5,97005,2008-02-07,33,35,34,20,6,26,5
6,97006,2008-02-11,4,22,11,23,2,25,8
7,97007,2008-02-14,33,38,35,7,13,28,6
8,97008,2008-02-18,35,7,5,15,37,28,6
9,97009,2008-02-21,23,22,20,29,38,1,3
10,97010,2008-02-25,16,36,37,15,9,34,5
11,97011,2008-02-28,6,16,36,13,33,29,4
12,97012,2008-03-03,26,35,25,14,13,24,3
13,97013,2008-03-06,11,26,36,22,34,8,8
14,97014,2008-03-10,25,11,7,22,19,6,6
15,97015,2008-03-13,23,15,11,2,5,24,5
16,97016,2008-03-17,19,10,24,22,18,6,8
17,97017,2008-03-20,25,14,21,3,32,36,6
18,97018,2008-03-24,7,36,26,11,2,1,5
19,97019,2008-03-27,16,1,22,31,36,5,5
20,97020,2008-03-31,32,18,19,9,27,25,6
21,97021,2008-04-03,28,8,3,17,10,9,5
22,97022,2008-04-07,24,32,16,20,19,37,4
23,97023,2008-04-10,24,25,26,33,37,36,2
24,97024,2008-04-14,37,28,17,32,18,5,3
25,97025,2008-04-17,20,6,4,1,35,14,7
26,97026,2008-04-21,16,27,37,36,26,22,2
27,97027,2008-04-24,3,20,10,30,1,31,5
28,97028,2008-04-28,15,23,17,19,24,29,7
29,97029,2008-05-01,13,14,2,23,38,6,2
30,97030,2008-05-05,34,29,2,33,4,18,3
31,97031,2008-05-08,21,7,16,5,22,3,8
32,97032,2008-05-12,24,7,13,14,23,11,7
33,97033,2008-05-15,35,21,12,18,10,24,2
34,97034,2008-05-19,22,30,12,20,17,33,4
35,97035,2008-05-22,22,38,3,13,26,33,3
36,97036,2008-05-26,37,34,3,32,26,38,3
37,97037,2008-05-29,11,4,18,10,28,7,4
38,97038,2008-06-02,28,25,11,4,7,3,1
39,97039,2008-06-05,3,19,21,30,8,22,2
40,97040,2008-06-09,2,31,5,30,28,24,8
41,97041,2008-06-12,7,38,18,34,27,3,7
42,97042,2008-06-16,11,21,29,27,24,1,7
43,97043,2008-06-19,24,36,4,9,34,10,6
44,97044,2008-06-23,37,20,28,26,12,23,7
45,97045,2008-06-26,13,31,5,19,23,24,7
46,97046,2008-06-30,37,3,30,14,8,33,3
47,97047,2008-07-03,16,15,25,4,18,3,8
48,97048,2008-07-07,5,11,23,25,7,6,6
49,97049,2008-07-10,35,21,19,7,14,22,7
50,97050,2008-07-14,16,34,1,35,14,17,6
51,97051,2008-07-17,37,36,28,27,22,11,2
52,97052,2008-07-21,26,36,28,31,8,9,7
53,97053,2008-07-24,38,7,13,25,36,24,1
54,97054,2008-07-28,21,33,9,30,26,10,6
55,97055,2008-07-31,36,10,38,6,1,8,7
56,97056,2008-08-04,24,26,10,34,33,38,4
57,97057,2008-08-07,29,11,7,10,30,20,4
58,97058,2008-08-11,17,8,7,5,10,11,2
59,97059,2008-08-14,8,32,28,18,2,5,5
60,97060,2008-08-18,7,17,30,28,23,20,5
61,97061,2008-08-21,20,15,5,38,12,19,4
62,97062,2008-08-25,31,8,24,38,15,5,3
63,97063,2008-08-28,27,34,7,32,29,26,5
64,97064,2008-09-01,5,24,6,10,21,8,6
65,97065,2008-09-04,11,34,22,20,5,3,5
66,97066,2008-09-08,21,24,8,20,18,23,1
67,97067,2008-09-11,36,27,12,29,20,28,7
68,97068,2008-09-15,16,14,26,22,21,19,3
69,97069,2008-09-18,26,31,37,10,33,2,3
70,97070,2008-09-22,10,32,30,33,15,38,7
71,97071,2008-09-25,10,11,6,34,13,35,7
72,97072,2008-09-29,22,1,35,16,24,30,2
73,97073,2008-10-02,6,15,13,10,19,30,6
74,97074,2008-10-06,9,26,22,37,11,19,3
75,97075,2008-10-09,32,37,20,25,36,26,7
76,97076,2008-10-13,14,9,26,2,10,15,4
77,97077,2008-10-16,2,33,3,36,18,37,5
78,97078,2008-10-20,28,7,36,10,32,17,3
79,97079,2008-10-23,14,6,26,38,1,17,3
80,97080,2008-10-27,28,22,9,4,30,5,4
81,97081,2008-10-30,11,8,22,35,28,16,6
82,97082,2008-11-03,23,4,9,8,36,18,4
83,97083,2008-11-06,12,5,34,1,27,38,3
84,97084,2008-11-10,18,25,38,22,29,32,6
85,97085,2008-11-13,5,28,10,33,38,24,6
86,97086,2008-11-17,30,37,9,24,14,1,4
87,97087,2008-11-20,14,5,19,17,35,36,1
88,97088,2008-11-24,25,24,22,15,20,10,2
89,97089,2008-11-27,14,3,35,37,26,30,7
90,97090,2008-12-01,34,28,7,26,23,10,4
91,97091,2008-12-04,14,5,11,16,30,18,3
92,97092,2008-12-08,13,16,20,8,12,32,6
93,97093,2008-12-11,30,26,17,18,31,24,2
94,97094,2008-12-15,10,36,18,6,13,8,6
95,97095,2008-12-18,38,34,8,11,26,3,8
96,97096,2008-12-22,22,25,32,30,35,33,2
97,97097,2008-12-25,37,33,11,7,14,6,6
98,97098,2008-12-29,31,2,28,10,15,19,1
99,98001,2009-01-01,11,35,36,1,28,25,7
100,98002,2009-01-05,5,27,29,24,32,28,4
101,98003,2009-01-08,5,18,12,28,4,24,1
102,98004,2009-01-12,29,9,14,23,36,13,8
103,98005,2009-01-15,3,37,28,29,17,15,4
104,98006,2009-01-19,3,4,31,1,12,21,8
105,98007,2009-01-22,7,23,24,10,35,11,8
106,98008,2009-01-26,6,18,29,17,2,34,5
107,98009,2009-01-29,28,23,16,15,7,4,7
108,98010,2009-02-02,24,6,31,20,32,18,6
109,98011,2009-02-05,23,37,34,8,20,24,1
110,98012,2009-02-09,33,20,15,10,3,11,3
111,98013,2009-02-12,12,35,29,4,24,37,7
112,98014,2009-02-16,21,22,2,20,25,38,3
113,98015,2009-02-19,2,8,1,31,21,17,1
114,98016,2009-02-23,13,18,30,33,38,35,3
115,98017,2009-02-26,13,5,7,38,4,15,4
116,98018,2009-03-02,24,3,21,23,4,27,6
117,98019,2009-03-05,37,28,13,1,19,5,3
118,98020,2009-03-09,38,8,16,6,31,23,3
119,98021,2009-03-12,16,1,34,23,3,32,3
120,98022,2009-03-16,16,36,23,18,28,37,6
121,98023,2009-03-19,24,36,8,20,28,5,5
122,98024,2009-03-23,34,3,37,25,9,4,5
123,98025,2009-03-26,25,26,34,9,32,10,2
124,98026,2009-03-30,37,31,35,20,36,14,3
125,98027,2009-04-02,32,21,27,14,34,7,3
126,98028,2009-04-06,32,9,10,19,7,11,2
127,98029,2009-04-09,8,30,14,10,3,29,3
128,98030,2009-04-13,2,27,35,16,19,14,5
129,98031,2009-04-16,14,10,15,6,17,16,2
130,98032,2009-04-20,20,31,5,24,36,26,1
131,98033,2009-04-23,17,6,7,35,33,5,3
132,98034,2009-04-27,32,24,1,3,10,20,4
133,98035,2009-04-30,13,12,33,29,37,38,8
134,98036,2009-05-04,3,35,25,36,27,24,8
135,98037,2009-05-07,4,3,9,27,7,28,8
136,98038,2009-05-11,37,17,38,8,9,2,4
137,98039,2009-05-14,20,23,35,13,31,8,5
138,98040,2009-05-18,26,6,13,9,7,10,7
139,98041,2009-05-21,29,34,9,17,5,35,7
140,98042,2009-05-25,4,22,17,29,16,38,3
141,98043,2009-05-28,7,31,16,25,1,15,4
142,98044,2009-06-01,35,17,14,26,6,16,7
143,98045,2009-06-04,34,19,18,20,12,24,7
144,98046,2009-06-08,26,31,18,7,27,6,2
145,98047,2009-06-11,32,18,16,20,1,4,7
146,98048,2009-06-15,25,17,23,3,10,19,4
147,98049,2009-06-18,34,16,17,24,5,38,8
148,98050,2009-06-22,21,14,4,29,13,16,7
149,98051,2009-06-25,31,6,35,10,38,25,7
150,98052,2009-06-29,21,1,14,26,20,25,5
151,98053,2009-07-02,27,15,34,6,16,37,6
152,98054,2009-07-06,4,33,5,24,3,9,5
153,98055,2009-07-09,8,12,23,33,4,25,2
154,98056,2009-07-13,38,6,26,34,23,36,4
155,98057,2009-07-16,10,26,31,23,34,9,1
156,98058,2009-07-20,2,22,19,33,15,29,4
157,98059,2009-07-23,13,32,26,33,36,37,7
158,98060,2009-07-27,13,25,16,12,36,31,4
159,98061,2009-07-30,15,13,25,24,11,18,4
160,98062,2009-08-03,15,17,26,38,24,4,8
161,98063,2009-08-06,4,35,13,3,32,5,8
162,98064,2009-08-10,23,18,11,15,30,6,3
163,98065,2009-08-13,3,23,31,24,5,8,8
164,98066,2009-08-17,27,29,21,9,36,25,8
165,98067,2009-08-20,22,8,26,25,38,33,4
166,98068,2009-08-24,24,13,15,26,28,36,5
167,98069,2009-08-27,18,30,4,16,1,7,2
168,98070,2009-08-31,30,18,25,33,4,8,8
169,98071,2009-09-03,16,7,11,10,28,1,3
170,98072,2009-09-07,10,19,24,18,13,1,3
171,98073,2009-09-10,11,13,23,18,24,1,3
172,98074,2009-09-14,31,15,8,6,3,24,8
173,98075,2009-09-17,6,32,24,22,31,3,6
174,98076,2009-09-21,16,7,33,9,10,4,7
175,98077,2009-09-24,2,33,6,34,30,14,2
176,98078,2009-09-28,22,7,13,16,12,8,7
177,98079,2009-10-01,18,27,19,38,21,6,4
178,98080,2009-10-05,4,22,8,16,33,19,1
179,98081,2009-10-08,32,1,21,13,26,20,7
180,98082,2009-10-12,34,10,22,4,38,16,2
181,98083,2009-10-15,28,7,31,10,25,14,1
182,98084,2009-10-19,4,25,2,21,30,12,7
183,98085,2009-10-22,5,19,35,18,7,30,8
184,98086,2009-10-26,9,3,12,32,24,4,5
185,98087,2009-10-29,12,11,20,27,16,19,4
186,98088,2009-11-02,20,23,10,8,11,14,6
187,98089,2009-11-05,36,21,5,3,31,23,6
188,98090,2009-11-09,29,38,32,18,1,24,5
189,98091,2009-11-12,19,22,28,3,6,35,3
190,98092,2009-11-16,30,23,10,18,15,34,7
191,98093,2009-11-19,26,5,10,35,22,21,6
192,98094,2009-11-23,29,16,26,15,2,1,4
193,98095,2009-11-26,21,13,30,36,24,20,3
194,98096,2009-11-30,1,28,10,17,6,19,1
195,98097,2009-12-03,18,22,30,24,17,25,5
196,98098,2009-12-07,4,25,12,38,34,5,1
197,98099,2009-12-10,28,19,23,12,11,22,4
198,98100,2009-12-14,10,20,16,4,17,5,6
199,98101,2009-12-17,23,19,28,20,16,26,1
200,98102,2009-12-21,20,3,15,23,29,17,8
201,98103,2009-12-24,37,18,35,32,20,14,7
202,98104,2009-12-28,12,17,34,25,15,10,5
203,98105,2009-12-31,25,32,22,29,27,14,1
204,99001,2010-01-04,27,30,32,20,13,25,7
205,99002,2010-01-07,37,26,33,36,20,1,5
206,99003,2010-01-11,34,25,23,26,21,15,3
207,99004,2010-01-14,22,2,27,1,32,7,4
208,99005,2010-01-18,9,26,25,38,11,24,4
209,99006,2010-01-21,17,36,10,16,29,4,8
210,99007,2010-01-25,10,14,27,24,34,7,2
211,99008,2010-01-28,17,35,3,6,27,16,2
212,99009,2010-02-01,19,5,3,29,38,31,7
213,99010,2010-02-04,10,38,20,17,16,25,4
214,99011,2010-02-08,7,19,12,16,21,17,6
215,99012,2010-02-11,19,18,6,34,16,13,1
216,99013,2010-02-15,12,23,26,28,29,2,5
217,99014,2010-02-18,2,36,11,24,4,14,6
218,99015,2010-02-22,23,17,24,34,3,11,5
219,99016,2010-02-25,38,33,9,37,26,32,1
220,99017,2010-03-01,10,3,19,37,12,14,4
221,99018,2010-03-04,10,38,18,16,34,24,5
222,99019,2010-03-08,5,9,27,30,33,3,6
223,99020,2010-03-11,35,14,17,37,19,16,8
224,99021,2010-03-15,12,18,32,13,36,30,5
225,99022,2010-03-18,20,11,7,32,18,26,5
226,99023,2010-03-22,35,11,2,4,14,36,1
227,99024,2010-03-25,26,23,27,19,37,33,3
228,99025,2010-03-29,11,37,36,31,23,28,3
229,99026,2010-04-01,24,31,23,14,16,27,7
230,99027,2010-04-05,37,19,26,20,18,2,8
231,99028,2010-04-08,20,36,23,7,25,2,3
232,99029,2010-04-12,11,30,8,33,34,12,2
233,99030,2010-04-15,1,37,30,19,6,24,1
234,99031,2010-04-19,13,1,3,6,29,38,3
235,99032,2010-04-22,37,16,8,30,29,21,2
236,99033,2010-04-26,3,21,8,38,33,35,1
237,99034,2010-04-29,10,28,21,29,12,16,3
238,99035,2010-05-03,1,4,16,33,27,9,5
239,99036,2010-05-06,30,3,11,32,13,23,6
240,99037,2010-05-10,28,26,23,17,29,18,1
241,99038,2010-05-13,31,11,23,7,34,14,4
242,99039,2010-05-17,1,35,2,3,29,33,5
243,99040,2010-05-20,38,12,13,35,14,19,2
244,99041,2010-05-24,1,24,29,16,12,3,7
245,99042,2010-05-27,16,8,20,36,7,6,1
246,99043,2010-05-31,17,1,8,4,34,30,4
247,99044,2010-06-03,30,34,33,9,21,4,2
248,99045,2010-06-07,14,22,21,28,3,24,5
249,99046,2010-06-10,17,27,38,9,28,20,6
250,99047,2010-06-15,15,24,7,33,3,16,3
251,99048,2010-06-17,1,13,5,22,6,27,8
252,99049,2010-06-21,30,38,22,27,1,9,1
253,99050,2010-06-24,14,34,36,32,12,19,3
254,99051,2010-06-28,27,7,10,3,22,34,1
255,99052,2010-07-01,4,3,19,14,6,11,6
256,99053,2010-07-05,37,18,25,35,1,3,5
257,99054,2010-07-08,22,24,29,23,6,25,3
258,99055,2010-07-12,27,17,1,3,20,25,1
259,99056,2010-07-15,22,11,14,29,23,2,7
260,99057,2010-07-19,12,38,19,16,15,26,6
261,99058,2010-07-22,5,35,8,16,14,37,3
262,99059,2010-07-26,36,31,27,5,14,34,4
263,99060,2010-07-29,8,18,38,36,14,21,8
264,99061,2010-08-02,24,22,21,3,17,5,7
265,99062,2010-08-05,37,14,22,27,29,24,6
266,99063,2010-08-09,7,18,14,31,4,35,7
267,99064,2010-08-12,38,8,35,15,3,4,3
268,99065,2010-08-16,36,31,14,22,3,20,8
269,99066,2010-08-19,22,34,20,2,4,25,1
270,99067,2010-08-23,15,18,13,22,27,9,2
271,99068,2010-08-26,38,15,22,1,13,8,8
272,99069,2010-08-30,29,13,21,1,22,23,1
273,99070,2010-09-02,17,14,33,9,28,15,4
274,99071,2010-09-06,34,36,7,32,30,5,6
275,99072,2010-09-09,4,17,16,24,34,22,2
276,99073,2010-09-13,24,33,8,18,7,12,7
277,99074,2010-09-16,20,4,13,10,35,26,2
278,99075,2010-09-20,9,19,13,28,6,36,6
279,99076,2010-09-23,3,32,12,34,7,15,7
280,99077,2010-09-27,20,8,24,22,33,36,2
281,99078,2010-09-30,35,14,11,32,9,31,7
282,99079,2010-10-04,18,10,4,32,20,35,1
283,99080,2010-10-07,6,5,32,28,1,17,2
284,99081,2010-10-11,8,21,10,34,11,22,6
285,99082,2010-10-14,37,35,5,25,20,29,2
286,99083,2010-10-18,38,23,11,28,4,21,5
287,99084,2010-10-21,14,11,38,29,18,19,5
288,99085,2010-10-25,11,33,10,16,37,23,3
289,99086,2010-10-28,15,23,26,25,20,32,7
290,99087,2010-11-01,29,2,10,13,12,18,4
291,99088,2010-11-04,36,20,28,3,1,33,5
292,99089,2010-11-08,38,10,28,36,5,33,6
293,99090,2010-11-11,36,17,24,22,4,28,6
294,99091,2010-11-15,11,8,37,25,22,7,7
295,99092,2010-11-18,5,23,17,28,38,14,2
296,99093,2010-11-22,23,21,28,8,27,24,2
297,99094,2010-11-25,38,5,18,25,7,36,7
298,99095,2010-11-29,33,30,29,27,25,20,2
299,99096,2010-12-02,22,15,19,32,3,28,6
300,99097,2010-12-06,7,18,20,19,28,1,8
301,99098,2010-12-09,4,12,1,19,11,3,8
302,99099,2010-12-13,12,36,7,27,10,9,4
303,99100,2010-12-16,28,25,18,7,32,4,5
304,99101,2010-12-20,29,1,2,20,38,7,7
305,99102,2010-12-23,1,31,19,7,10,4,5
306,99103,2010-12-27,28,16,31,23,32,3,8
307,99104,2010-12-30,31,24,1,38,29,33,3
308,100001,2011-01-03,38,12,36,6,20,2,6
309,100002,2011-01-06,26,20,27,3,11,22,3
310,100003,2011-01-10,36,17,28,33,29,35,8
311,100004,2011-01-13,6,28,18,34,7,1,6
312,100005,2011-01-17,2,30,31,1,19,25,4
313,100006,2011-01-20,4,22,25,10,31,1,8
314,100007,2011-01-24,33,32,18,14,10,21,7
315,100008,2011-01-27,11,24,35,3,2,19,2
316,100009,2011-01-31,10,32,28,31,4,21,7
317,100010,2011-02-03,29,10,37,16,23,8,2
318,100011,2011-02-07,20,32,38,4,15,6,3
319,100012,2011-02-10,36,32,13,10,30,37,2
320,100013,2011-02-14,8,11,23,38,19,25,5
321,100014,2011-02-17,4,11,20,26,12,38,7
322,100015,2011-02-21,38,19,35,28,23,9,1
323,100016,2011-02-24,26,14,8,13,16,3,5
324,100017,2011-02-28,13,14,5,29,26,18,7
325,100018,2011-03-03,15,17,27,35,23,1,7
326,100019,2011-03-07,16,37,30,10,2,33,4
327,100020,2011-03-10,24,5,31,4,19,37,8
328,100021,2011-03-14,6,4,11,18,5,26,4
329,100022,2011-03-17,32,1,36,14,11,3,2
330,100023,2011-03-21,8,17,33,37,20,18,2
331,100024,2011-03-24,37,27,4,35,19,29,4
332,100025,2011-03-28,27,24,7,34,16,3,8
333,100026,2011-03-31,19,38,17,36,31,32,4
334,100027,2011-04-04,25,37,33,32,28,2,8
335,100028,2011-04-07,20,30,6,31,14,12,1
336,100029,2011-04-11,33,29,21,15,16,31,4
337,100030,2011-04-14,18,27,17,24,15,25,6
338,100031,2011-04-18,5,7,17,23,26,6,7
339,100032,2011-04-21,26,34,32,36,10,1,8
340,100033,2011-04-25,17,26,22,12,3,2,1
341,100034,2011-04-28,29,3,32,31,9,34,5
342,100035,2011-05-02,17,36,21,22,7,19,3
343,100036,2011-05-05,5,38,13,6,14,26,5
344,100037,2011-05-09,36,31,25,3,15,35,3
345,100038,2011-05-12,10,25,31,30,19,24,7
346,100039,2011-05-16,3,29,37,8,21,17,8
347,100040,2011-05-19,16,38,19,35,2,6,8
348,100041,2011-05-23,11,24,26,13,16,8,4
349,100042,2011-05-26,8,30,21,19,6,12,8
350,100043,2011-05-30,32,10,30,22,37,2,4
351,100044,2011-06-02,22,4,1,30,19,33,4
352,100045,2011-06-06,37,22,38,36,16,10,4
353,100046,2011-06-09,12,37,15,36,3,13,3
354,100047,2011-06-13,9,7,11,18,36,31,1
355,100048,2011-06-16,25,8,29,15,38,33,1
356,100049,2011-06-20,27,10,6,22,4,34,2
357,100050,2011-06-23,26,20,28,36,30,3,5
358,100051,2011-06-27,33,4,23,15,6,35,3
359,100052,2011-06-30,35,30,15,17,19,38,1
360,100053,2011-07-04,17,5,37,1,12,31,6
361,100054,2011-07-07,22,19,37,2,7,33,1
362,100055,2011-07-11,32,14,2,12,28,4,2
363,100056,2011-07-14,2,31,10,33,12,37,1
364,100057,2011-07-18,13,29,37,30,32,3,6
365,100058,2011-07-21,1,7,19,20,21,26,7
366,100059,2011-07-25,22,8,23,5,20,18,1
367,100060,2011-07-28,6,35,19,1,34,25,8
368,100061,2011-08-01,34,27,22,19,14,31,7
369,100062,2011-08-04,6,14,33,17,24,23,1
370,100063,2011-08-08,34,7,27,38,8,37,1
371,100064,2011-08-11,25,18,29,8,6,1,5
372,100065,2011-08-15,15,14,35,11,30,2,7
373,100066,2011-08-18,7,6,37,8,5,32,3
374,100067,2011-08-22,12,21,25,3,37,2,4
375,100068,2011-08-25,8,16,1,36,14,13,7
376,100069,2011-08-29,15,6,22,35,10,29,1
377,100070,2011-09-01,11,13,2,29,10,27,2
378,100071,2011-09-05,27,36,26,16,7,33,4
379,100072,2011-09-08,21,15,6,8,4,12,7
380,100073,2011-09-12,6,4,36,32,7,17,7
381,100074,2011-09-15,21,17,34,3,18,1,7
382,100075,2011-09-19,11,24,25,37,7,38,3
383,100076,2011-09-22,27,23,38,11,20,22,2
384,100077,2011-09-26,5,18,37,19,15,24,6
385,100078,2011-09-29,33,15,37,1,36,34,8
386,100079,2011-10-03,13,27,1,4,35,16,8
387,100080,2011-10-06,20,24,12,18,14,27,2
388,100081,2011-10-10,9,34,8,25,20,19,2
389,100082,2011-10-13,17,18,6,27,25,34,6
390,100083,2011-10-17,19,29,37,36,33,10,1
391,100084,2011-10-20,38,30,5,20,26,22,4
392,100085,2011-10-24,2,15,31,30,12,25,6
393,100086,2011-10-27,16,12,5,10,28,23,7
394,100087,2011-10-31,20,27,8,6,23,14,3
395,100088,2011-11-03,13,26,37,36,27,22,5
396,100089,2011-11-07,1,26,8,23,34,27,3
397,100090,2011-11-10,8,23,32,35,19,27,8
398,100091,2011-11-14,21,11,24,34,20,18,5
399,100092,2011-11-17,24,14,3,13,30,1,6
400,100093,2011-11-21,14,13,32,11,25,12,8
401,100094,2011-11-24,5,16,32,13,4,37,7
402,100095,2011-11-28,35,18,20,9,33,4,4
403,100096,2011-12-01,3,16,35,19,26,31,3
404,100097,2011-12-05,21,32,4,33,6,9,2
405,100098,2011-12-08,21,8,2,37,35,5,8
406,100099,2011-12-12,31,21,7,19,27,10,5
407,100100,2011-12-15,9,27,7,28,29,1,2
408,100101,2011-12-19,10,35,25,29,6,14,3
409,100102,2011-12-22,22,23,20,11,13,4,2
410,100103,2011-12-26,24,17,9,35,1,19,5
411,100104,2011-12-29,3,19,7,4,15,10,5
412,101001,2012-01-02,6,11,26,30,10,27,4
413,101002,2012-01-05,31,32,15,28,10,18,4
414,101003,2012-01-09,25,34,9,2,30,27,5
415,101004,2012-01-12,15,23,3,30,32,21,7
416,101005,2012-01-16,36,18,11,33,37,7,6
417,101006,2012-01-19,8,7,3,13,18,11,6
418,101007,2012-01-23,8,36,6,29,24,23,8
419,101008,2012-01-26,38,2,4,19,16,9,1
420,101009,2012-01-30,27,38,17,20,11,18,5
421,101010,2012-02-02,29,14,4,8,1,3,7
422,101011,2012-02-06,38,4,14,20,7,23,3
423,101012,2012-02-09,37,28,20,6,12,25,8
424,101013,2012-02-13,9,29,24,4,15,35,8
425,101014,2012-02-16,16,29,7,23,24,34,5
426,101015,2012-02-20,9,2,22,14,1,12,2
427,101016,2012-02-23,35,37,13,19,8,30,7
428,101017,2012-02-27,23,20,4,12,3,10,4
429,101018,2012-03-01,1,4,15,7,16,9,6
430,101019,2012-03-05,15,11,27,6,21,26,3
431,101020,2012-03-08,9,12,23,37,11,28,4
432,101021,2012-03-12,9,22,23,3,13,37,1
433,101022,2012-03-15,17,37,4,12,29,20,3
434,101023,2012-03-19,21,34,17,9,26,18,1
435,101024,2012-03-22,14,34,35,15,10,12,6
436,101025,2012-03-26,25,3,12,23,1,21,2
437,101026,2012-03-29,8,22,32,15,26,17,1
438,101027,2012-04-02,15,1,11,29,38,18,1
439,101028,2012-04-05,8,32,36,35,23,9,7
440,101029,2012-04-09,1,10,19,31,24,21,5
441,101030,2012-04-12,30,32,35,27,26,6,2
442,101031,2012-04-16,13,27,3,25,18,4,1
443,101032,2012-04-19,10,5,12,26,38,35,2
444,101033,2012-04-23,35,16,17,11,19,1,5
445,101034,2012-04-26,35,3,4,17,2,14,1
446,101035,2012-04-30,22,3,18,5,27,37,1
447,101036,2012-05-03,17,15,34,9,4,10,3
448,101037,2012-05-07,18,22,23,25,2,13,4
449,101038,2012-05-10,21,14,37,32,25,20,3
450,101039,2012-05-14,6,4,5,28,16,18,1
451,101040,2012-05-17,21,28,25,6,29,15,4
452,101041,2012-05-21,19,38,13,11,31,23,3
453,101042,2012-05-24,12,10,36,29,6,1,4
454,101043,2012-05-28,31,22,7,35,17,16,2
455,101044,2012-05-31,7,21,17,15,3,34,8
456,101045,2012-06-04,15,38,18,29,34,4,4
457,101046,2012-06-07,8,20,12,30,27,29,1
458,101047,2012-06-11,33,22,7,26,29,17,7
459,101048,2012-06-14,36,16,14,15,3,20,5
460,101049,2012-06-18,21,24,34,13,14,8,6
461,101050,2012-06-21,4,28,37,26,38,16,1
462,101051,2012-06-25,30,24,1,16,15,26,5
463,101052,2012-06-28,35,16,25,15,31,37,4
464,101053,2012-07-02,7,37,3,35,21,38,3
465,101054,2012-07-05,17,29,6,2,38,4,8
466,101055,2012-07-09,30,8,1,6,32,35,6
467,101056,2012-07-12,34,36,20,15,22,10,5
468,101057,2012-07-16,36,37,19,23,38,12,6
469,101058,2012-07-19,23,26,14,30,25,31,3
470,101059,2012-07-23,5,18,33,34,37,12,2
471,101060,2012-07-26,2,11,7,10,19,33,1
472,101061,2012-07-30,3,37,18,24,10,29,7
473,101062,2012-08-02,30,18,37,29,27,21,4
474,101063,2012-08-06,9,12,17,33,18,27,4
475,101064,2012-08-09,33,23,2,25,3,27,1
476,101065,2012-08-13,35,10,22,5,17,37,5
477,101066,2012-08-16,36,16,11,38,13,14,5
478,101067,2012-08-20,30,17,5,23,14,20,6
479,101068,2012-08-23,21,1,31,11,5,16,8
480,101069,2012-08-27,16,25,37,23,6,3,7
481,101070,2012-08-30,8,1,9,36,2,22,5
482,101071,2012-09-03,27,14,12,17,1,24,3
483,101072,2012-09-06,7,34,13,23,36,32,3
484,101073,2012-09-10,17,9,2,35,20,38,7
485,101074,2012-09-13,4,26,17,14,1,5,8
486,101075,2012-09-17,6,7,10,21,27,1,5
487,101076,2012-09-20,14,18,11,34,21,4,2
488,101077,2012-09-24,20,24,7,19,4,30,1
489,101078,2012-09-27,13,15,29,32,11,27,3
490,101079,2012-10-01,19,16,11,14,34,7,5
491,101080,2012-10-04,28,16,19,17,24,2,5
492,101081,2012-10-08,36,32,31,29,7,35,7
493,101082,2012-10-11,23,6,1,28,34,12,2
494,101083,2012-10-15,18,12,9,28,16,29,7
495,101084,2012-10-18,8,2,15,19,22,29,4
496,101085,2012-10-22,19,24,5,14,21,10,5
497,101086,2012-10-25,4,30,19,28,3,7,8
498,101087,2012-10-29,36,38,13,30,26,12,8
499,101088,2012-11-01,12,38,6,15,24,7,3
500,101089,2012-11-05,30,1,15,33,12,10,6
501,101090,2012-11-08,22,33,8,10,18,25,7
502,101091,2012-11-12,33,31,1,8,24,21,8
503,101092,2012-11-15,3,11,12,27,35,32,2
504,101093,2012-11-19,37,32,2,29,6,28,4
505,101094,2012-11-22,36,38,27,22,26,8,8
506,101095,2012-11-26,29,23,4,5,18,8,2
507,101096,2012-11-29,6,21,35,3,16,11,2
508,101097,2012-12-03,14,22,11,30,5,9,8
509,101098,2012-12-06,5,24,10,21,12,1,8
510,101099,2012-12-10,38,6,15,22,20,4,7
511,101100,2012-12-13,27,8,28,33,6,14,1
512,101101,2012-12-17,24,34,32,27,3,12,4
513,101102,2012-12-20,24,29,26,32,38,1,7
514,101103,2012-12-24,29,10,1,7,14,30,4
515,101104,2012-12-27,35,16,27,36,30,15,2
516,101105,2012-12-31,28,24,22,15,36,29,2
517,102001,2013-01-03,35,3,29,6,17,4,7
518,102002,2013-01-07,24,1,22,10,26,17,7
519,102003,2013-01-10,16,18,2,4,29,13,5
520,102004,2013-01-14,30,5,3,10,23,29,2
521,102005,2013-01-17,15,8,25,9,3,16,5
522,102006,2013-01-21,1,14,36,11,22,5,1
523,102007,2013-01-24,10,5,22,38,8,26,2
524,102008,2013-01-28,3,26,29,27,8,22,5
525,102009,2013-01-31,3,37,31,22,15,28,8
526,102010,2013-02-04,19,30,6,10,12,32,5
527,102011,2013-02-07,37,3,26,15,23,9,2
528,102012,2013-02-11,36,9,1,32,29,19,5
529,102013,2013-02-14,16,22,31,13,32,14,3
530,102014,2013-02-18,31,19,35,2,3,32,1
531,102015,2013-02-21,32,24,21,38,37,35,5
532,102016,2013-02-25,6,1,35,20,32,14,5
533,102017,2013-02-28,12,16,10,19,32,26,5
534,102018,2013-03-04,16,28,2,24,5,37,2
535,102019,2013-03-07,35,20,12,32,15,29,5
536,102020,2013-03-11,3,14,25,22,9,12,2
537,102021,2013-03-14,11,8,2,34,26,15,6
538,102022,2013-03-18,4,3,31,16,10,14,4
539,102023,2013-03-21,9,16,35,37,24,34,5
540,102024,2013-03-25,15,36,11,17,2,30,1
541,102025,2013-03-28,15,6,1,19,10,34,7
542,102026,2013-04-01,4,37,1,6,12,35,6
543,102027,2013-04-04,33,38,31,30,7,1,5
544,102028,2013-04-08,30,33,34,10,9,7,8
545,102029,2013-04-11,28,27,2,36,19,7,7
546,102030,2013-04-15,19,13,11,28,29,20,6
547,102031,2013-04-18,15,25,23,30,3,22,5
548,102032,2013-04-22,29,16,36,22,13,24,5
549,102033,2013-04-25,18,9,7,24,21,37,6
550,102034,2013-04-29,23,16,30,20,27,14,8
551,102035,2013-05-02,29,21,26,10,37,4,3
552,102036,2013-05-06,24,7,28,11,5,12,8
553,102037,2013-05-09,9,3,6,21,15,30,5
554,102038,2013-05-13,12,5,27,6,33,29,1
555,102039,2013-05-16,8,7,14,24,34,31,8
556,102040,2013-05-20,12,16,8,36,27,33,3
557,102041,2013-05-23,10,21,35,33,31,27,7
558,102042,2013-05-27,32,37,7,33,4,17,7
559,102043,2013-05-30,7,31,33,13,22,23,1
560,102044,2013-06-03,36,6,37,26,34,35,3
561,102045,2013-06-06,17,34,8,9,22,37,8
562,102046,2013-06-10,30,9,3,32,37,16,5
563,102047,2013-06-13,32,38,34,37,21,14,3
564,102048,2013-06-17,22,19,25,23,29,38,1
565,102049,2013-06-20,2,1,13,7,24,11,3
566,102050,2013-06-24,22,24,33,37,12,15,6
567,102051,2013-06-27,36,8,35,7,4,14,3
568,102052,2013-07-01,24,15,37,7,4,11,7
569,102053,2013-07-04,9,13,26,6,7,25,4
570,102054,2013-07-08,38,4,21,32,19,15,6
571,102055,2013-07-11,9,30,1,28,21,35,7
572,102056,2013-07-15,23,20,25,1,8,5,8
573,102057,2013-07-18,12,36,30,1,2,6,3
574,102058,2013-07-22,36,3,34,33,24,19,1
575,102059,2013-07-25,23,22,37,8,11,20,6
576,102060,2013-07-29,25,22,2,6,13,18,6
577,102061,2013-08-01,6,15,31,20,19,34,2
578,102062,2013-08-05,27,14,18,28,12,34,5
579,102063,2013-08-08,8,4,16,27,2,7,6
580,102064,2013-08-12,20,23,5,22,30,19,2
581,102065,2013-08-15,3,7,28,20,17,29,5
582,102066,2013-08-19,26,18,5,8,9,34,8
583,102067,2013-08-22,14,1,28,34,17,4,5
584,102068,2013-08-26,35,38,9,2,17,4,5
585,102069,2013-08-29,6,31,37,28,3,5,6
586,102070,2013-09-02,13,2,20,21,29,8,8
587,102071,2013-09-05,32,7,22,15,10,38,2
588,102072,2013-09-09,31,21,10,26,2,32,8
589,102073,2013-09-12,18,3,8,37,30,2,7
590,102074,2013-09-16,7,5,6,1,22,26,7
591,102075,2013-09-19,33,18,38,6,22,21,4
592,102076,2013-09-23,18,25,28,19,12,24,5
593,102077,2013-09-26,18,4,37,5,7,30,1
594,102078,2013-09-30,16,38,21,7,2,4,7
595,102079,2013-10-03,29,4,15,25,32,8,1
596,102080,2013-10-07,23,24,6,25,36,1,4
597,102081,2013-10-10,12,25,36,34,7,31,5
598,102082,2013-10-14,27,2,29,38,25,14,3
599,102083,2013-10-17,26,7,17,31,3,2,8
600,102084,2013-10-21,10,24,30,23,16,6,8
601,102085,2013-10-24,30,36,11,15,13,33,3
602,102086,2013-10-28,30,14,29,4,13,10,7
603,102087,2013-10-31,4,6,16,1,32,38,3
604,102088,2013-11-04,28,36,22,5,7,31,3
605,102089,2013-11-07,19,27,1,11,13,9,5
606,102090,2013-11-11,8,16,24,11,22,13,7
607,102091,2013-11-14,18,12,38,28,36,21,1
608,102092,2013-11-18,10,6,31,35,3,37,1
609,102093,2013-11-21,15,35,27,21,23,5,7
610,102094,2013-11-25,12,25,33,4,30,35,2
611,102095,2013-11-28,16,17,18,28,35,37,4
612,102096,2013-12-02,35,3,5,28,31,32,1
613,102097,2013-12-05,5,35,20,31,22,8,7
614,102098,2013-12-09,14,15,7,38,34,5,1
615,102099,2013-12-12,25,1,34,28,38,8,6
616,102100,2013-12-16,21,22,26,32,4,14,7
617,102101,2013-12-19,36,26,13,6,4,38,8
618,102102,2013-12-23,10,30,21,8,33,12,1
619,102103,2013-12-26,22,2,26,12,13,21,4
620,102104,2013-12-30,35,32,34,6,31,37,4
621,103001,2014-01-02,27,10,8,37,28,19,3
622,103002,2014-01-06,7,18,8,23,31,12,2
623,103003,2014-01-09,31,4,23,34,35,22,1
624,103004,2014-01-13,4,3,30,24,23,26,2
625,103005,2014-01-16,34,38,23,13,14,37,7
626,103006,2014-01-20,36,4,23,9,37,21,3
627,103007,2014-01-23,31,29,26,32,12,28,6
628,103008,2014-01-27,38,36,20,28,26,8,8
629,103009,2014-01-30,10,14,16,6,11,30,1
630,103010,2014-02-03,28,37,19,24,21,17,6
631,103011,2014-02-06,2,8,25,35,29,36,2
632,103012,2014-02-10,13,27,20,25,28,33,1
633,103013,2014-02-13,16,35,36,20,6,8,8
634,103014,2014-02-17,33,14,12,37,17,8,5
635,103015,2014-02-20,30,1,10,3,18,13,1
636,103016,2014-02-24,29,10,36,27,23,15,5
637,103017,2014-02-27,23,26,4,8,20,21,5
638,103018,2014-03-03,9,13,5,1,37,28,5
639,103019,2014-03-06,27,8,20,28,13,15,4
640,103020,2014-03-10,11,29,18,27,22,28,4
641,103021,2014-03-13,30,19,21,27,15,11,4
642,103022,2014-03-17,27,12,22,15,28,2,5
643,103023,2014-03-20,37,18,8,25,1,35,5
644,103024,2014-03-24,24,35,31,14,6,37,1
645,103025,2014-03-27,38,19,15,37,4,22,5
646,103026,2014-03-31,30,17,2,15,8,16,6
647,103027,2014-04-03,33,22,2,27,25,13,8
648,103028,2014-04-07,25,28,5,32,38,21,5
649,103029,2014-04-10,18,6,10,24,15,14,7
650,103030,2014-04-14,38,33,22,6,31,32,4
651,103031,2014-04-17,19,6,1,17,27,30,6
652,103032,2014-04-21,13,12,34,25,9,24,5
653,103033,2014-04-24,8,21,30,14,19,31,2
654,103034,2014-04-28,4,26,30,18,36,1,1
655,103035,2014-05-01,4,5,11,32,2,33,8
656,103036,2014-05-05,33,16,24,25,31,32,5
657,103037,2014-05-08,29,19,10,9,14,28,8
658,103038,2014-05-12,5,9,8,29,2,1,1
659,103039,2014-05-15,33,21,7,28,35,9,8
660,103040,2014-05-19,33,1,22,36,31,16,4
661,103041,2014-05-22,12,20,34,36,9,37,3
662,103042,2014-05-26,2,32,9,10,19,22,5
663,103043,2014-05-29,22,19,32,18,27,35,2
664,103044,2014-06-02,11,31,7,34,20,14,7
665,103045,2014-06-05,8,20,19,10,12,37,1
666,103046,2014-06-09,18,5,21,14,4,33,2
667,103047,2014-06-12,14,22,4,30,19,27,5
668,103048,2014-06-16,24,27,3,29,11,37,1
669,103049,2014-06-19,30,10,29,11,16,24,1
670,103050,2014-06-23,4,18,19,26,14,34,3
671,103051,2014-06-26,19,24,4,30,27,12,7
672,103052,2014-06-30,29,25,28,4,21,14,2
673,103053,2014-07-03,31,8,22,14,36,10,4
674,103054,2014-07-07,4,33,10,32,30,14,8
675,103055,2014-07-10,1,10,31,2,21,22,8
676,103056,2014-07-14,18,25,38,26,37,1,6
677,103057,2014-07-17,29,37,21,16,27,20,3
678,103058,2014-07-21,1,10,4,3,13,37,1
679,103059,2014-07-24,25,6,35,29,17,36,1
680,103060,2014-07-28,15,35,16,11,5,23,1
681,103061,2014-07-31,1,15,31,33,38,17,2
682,103062,2014-08-04,26,5,33,28,10,18,2
683,103063,2014-08-07,25,18,23,36,17,26,5
684,103064,2014-08-11,16,36,27,29,14,25,7
685,103065,2014-08-14,19,11,16,4,23,12,6
686,103066,2014-08-18,37,34,12,18,31,10,5
687,103067,2014-08-21,32,25,18,23,22,36,6
688,103068,2014-08-25,10,5,20,26,3,30,6
689,103069,2014-08-28,15,26,24,1,23,29,5
690,103070,2014-09-01,14,5,26,23,22,32,8
691,103071,2014-09-04,10,14,26,8,24,1,1
692,103072,2014-09-08,18,5,21,37,19,31,8
693,103073,2014-09-11,37,7,29,5,15,25,8
694,103074,2014-09-15,21,3,20,15,28,14,8
695,103075,2014-09-18,10,24,23,35,5,15,6
696,103076,2014-09-22,37,15,8,23,18,31,8
697,103077,2014-09-25,28,26,10,36,22,12,8
698,103078,2014-09-29,36,28,15,27,8,2,7
699,103079,2014-10-02,13,33,12,31,4,26,6
700,103080,2014-10-06,35,33,22,15,20,25,7
701,103081,2014-10-09,8,2,6,38,7,9,8
702,103082,2014-10-13,33,30,26,3,35,19,2
703,103083,2014-10-16,24,30,9,20,12,11,2
704,103084,2014-10-20,30,11,37,34,25,21,1
705,103085,2014-10-23,35,8,38,12,28,27,6
706,103086,2014-10-27,38,7,10,37,9,24,8
707,103087,2014-10-30,27,34,6,9,8,10,6
708,103088,2014-11-03,6,2,11,8,38,26,7
709,103089,2014-11-06,20,32,36,15,5,19,3
710,103090,2014-11-10,17,34,31,14,1,6,8
711,103091,2014-11-13,14,35,12,27,17,15,6
712,103092,2014-11-17,6,34,24,5,32,13,1
713,103093,2014-11-20,31,35,17,12,33,30,4
714,103094,2014-11-24,24,22,32,5,19,3,2
715,103095,2014-11-27,33,29,2,21,1,36,8
716,103096,2014-12-01,14,31,2,19,7,1,7
717,103097,2014-12-04,22,11,7,5,36,2,6
718,103098,2014-12-08,24,38,35,20,27,11,8
719,103099,2014-12-11,24,7,12,13,28,21,6
720,103100,2014-12-15,10,38,11,5,36,15,6
721,103101,2014-12-18,29,26,1,5,18,20,5
722,103102,2014-12-22,19,5,13,37,1,4,2
723,103103,2014-12-25,10,36,14,23,6,3,1
724,103104,2014-12-29,9,37,2,10,4,11,2
725,104001,2015-01-01,17,5,21,1,11,3,2
726,104002,2015-01-05,34,23,1,6,26,15,6
727,104003,2015-01-08,29,13,38,17,36,3,7
728,104004,2015-01-12,36,37,30,25,35,16,5
729,104005,2015-01-15,29,28,16,37,1,3,2
730,104006,2015-01-19,4,33,21,8,32,9,2
731,104007,2015-01-22,18,36,27,26,30,14,5
732,104008,2015-01-26,12,25,4,38,24,33,4
733,104009,2015-01-29,1,29,18,4,30,14,8
734,104010,2015-02-02,26,17,4,27,1,24,7
735,104011,2015-02-05,37,3,25,16,10,29,1
736,104012,2015-02-09,15,34,16,1,4,3,2
737,104013,2015-02-12,7,36,8,10,33,25,3
738,104014,2015-02-16,30,7,23,4,5,24,2
739,104015,2015-02-19,12,38,23,13,4,15,4
740,104016,2015-02-23,35,38,34,31,5,13,2
741,104017,2015-02-26,21,32,37,8,22,26,4
742,104018,2015-03-02,36,11,9,12,31,21,7
743,104019,2015-03-05,2,26,24,13,4,8,2
744,104020,2015-03-09,21,18,16,12,3,36,3
745,104021,2015-03-12,1,2,30,27,14,22,1
746,104022,2015-03-16,30,5,8,20,34,22,8
747,104023,2015-03-19,6,34,35,30,38,17,2
748,104024,2015-03-23,17,27,10,18,12,32,5
749,104025,2015-03-26,38,24,36,26,6,14,3
750,104026,2015-03-30,8,24,1,10,19,23,5
751,104027,2015-04-02,18,37,19,1,12,8,5
752,104028,2015-04-06,22,20,1,7,25,32,8
753,104029,2015-04-09,11,28,6,15,2,12,2
754,104030,2015-04-13,20,37,23,5,12,32,2
755,104031,2015-04-16,35,29,26,28,8,3,3
756,104032,2015-04-20,22,25,21,26,11,24,6
757,104033,2015-04-23,11,9,25,15,28,38,3
758,104034,2015-04-27,34,2,26,12,14,37,2
759,104035,2015-04-30,32,26,35,13,23,12,4
760,104036,2015-05-04,8,25,6,33,13,16,3
761,104037,2015-05-07,18,26,7,27,13,24,6
762,104038,2015-05-11,10,5,3,31,23,30,4
763,104039,2015-05-14,35,30,22,15,16,10,5
764,104040,2015-05-18,5,23,6,38,17,13,8
765,104041,2015-05-21,6,37,1,15,12,25,2
766,104042,2015-05-25,4,30,7,38,25,11,4
767,104043,2015-05-28,19,25,33,22,31,21,1
768,104044,2015-06-01,32,34,23,37,2,25,6
769,104045,2015-06-04,24,33,35,21,3,15,2
770,104046,2015-06-08,28,19,10,6,13,11,1
771,104047,2015-06-11,26,24,9,27,37,38,6
772,104048,2015-06-15,7,25,31,4,35,8,8
773,104049,2015-06-18,21,13,8,17,5,38,5
774,104050,2015-06-22,27,26,19,3,11,5,2
775,104051,2015-06-25,37,17,27,3,8,10,8
776,104052,2015-06-29,29,26,7,24,25,27,7
777,104053,2015-07-02,36,37,31,7,29,23,8
778,104054,2015-07-06,27,11,12,7,22,14,3
779,104055,2015-07-09,36,15,3,32,27,4,5
780,104056,2015-07-13,17,27,31,29,12,1,6
781,104057,2015-07-16,2,1,31,24,38,7,8
782,104058,2015-07-20,33,16,13,37,28,35,8
783,104059,2015-07-23,11,2,29,18,3,16,4
784,104060,2015-07-27,30,26,7,4,23,36,7
785,104061,2015-07-30,3,9,23,24,16,11,4
786,104062,2015-08-03,38,18,30,17,28,36,4
787,104063,2015-08-06,9,8,24,22,6,14,3
788,104064,2015-08-10,20,6,18,38,16,24,7
789,104065,2015-08-13,33,13,25,27,29,6,1
790,104066,2015-08-17,19,23,33,15,28,27,2
791,104067,2015-08-20,33,24,3,7,20,21,8
792,104068,2015-08-24,17,31,18,22,13,29,3
793,104069,2015-08-27,30,17,2,27,34,23,1
794,104070,2015-08-31,36,15,12,37,31,24,6
795,104071,2015-09-03,33,4,5,3,16,15,6
796,104072,2015-09-07,25,34,28,24,31,7,3
797,104073,2015-09-10,32,15,25,34,26,22,4
798,104074,2015-09-14,9,19,27,21,37,23,8
799,104075,2015-09-17,34,35,27,9,24,11,4
800,104076,2015-09-21,33,1,11,5,25,2,4
801,104077,2015-09-24,24,5,3,13,16,26,3
802,104078,2015-09-28,12,5,27,22,13,30,8
803,104079,2015-10-01,16,14,23,2,6,31,3
804,104080,2015-10-05,20,37,30,22,32,36,1
805,104081,2015-10-08,22,19,7,9,16,10,8
806,104082,2015-10-12,4,19,35,33,31,23,2
807,104083,2015-10-15,24,9,31,10,36,35,7
808,104084,2015-10-19,17,4,37,32,27,25,1
809,104085,2015-10-22,33,16,26,24,4,8,6
810,104086,2015-10-26,19,31,9,2,32,20,7
811,104087,2015-10-29,10,19,11,3,18,33,5
812,104088,2015-11-02,3,21,36,28,25,14,3
813,104089,2015-11-05,37,11,1,24,20,12,8
814,104090,2015-11-09,13,7,28,33,6,26,5
815,104091,2015-11-12,33,1,2,29,15,13,3
816,104092,2015-11-16,15,22,2,23,20,9,5
817,104093,2015-11-19,28,5,3,35,27,37,5
818,104094,2015-11-23,15,9,5,19,22,1,5
819,104095,2015-11-26,7,5,19,4,38,3,4
820,104096,2015-11-30,20,4,13,38,27,33,1
821,104097,2015-12-03,8,7,20,30,19,17,2
822,104098,2015-12-07,34,23,19,32,20,13,4
823,104099,2015-12-10,34,11,12,30,26,32,8
824,104100,2015-12-14,9,2,7,6,16,25,1
825,104101,2015-12-17,6,15,8,13,17,29,5
826,104102,2015-12-21,6,1,20,14,38,11,5
827,104103,2015-12-24,29,34,17,13,23,27,5
828,104104,2015-12-28,30,37,12,5,11,26,5
829,104105,2015-12-31,37,13,22,26,31,3,6
830,105001,2016-01-04,13,29,11,18,26,28,7
831,105002,2016-01-07,14,5,28,35,34,38,6
832,105003,2016-01-11,19,33,34,35,36,27,4
833,105004,2016-01-14,9,11,34,27,17,13,6
834,105005,2016-01-18,16,32,17,1,30,29,7
835,105006,2016-01-21,15,18,6,35,22,34,3
836,105007,2016-01-25,24,20,32,25,29,23,8
837,105008,2016-01-28,30,26,3,36,9,23,5
838,105009,2016-02-01,34,32,26,19,3,20,8
839,105010,2016-02-04,7,32,37,22,34,13,7
840,105011,2016-02-09,1,23,19,11,4,8,3
841,105012,2016-02-11,25,30,1,20,33,16,1
842,105013,2016-02-15,3,28,7,9,32,20,5
843,105014,2016-02-18,27,36,20,37,23,8,4
844,105015,2016-02-22,19,12,30,4,23,33,5
845,105016,2016-02-25,28,33,15,10,18,29,5
846,105017,2016-02-29,18,17,1,15,38,9,6
847,105018,2016-03-03,24,27,11,3,22,12,6
848,105019,2016-03-07,24,38,11,14,34,10,3
849,105020,2016-03-10,21,32,35,38,6,16,7
850,105021,2016-03-14,28,7,13,6,3,17,3
851,105022,2016-03-17,19,28,7,9,26,31,8
852,105023,2016-03-21,25,32,19,27,10,9,5
853,105024,2016-03-24,31,3,24,8,16,38,6
854,105025,2016-03-28,14,16,34,8,27,4,2
855,105026,2016-03-31,26,28,7,2,11,25,4
856,105027,2016-04-04,37,29,8,16,14,2,6
857,105028,2016-04-07,29,36,6,33,3,26,5
858,105029,2016-04-11,2,21,15,23,36,31,1
859,105030,2016-04-14,28,30,15,29,38,22,7
860,105031,2016-04-18,4,8,21,35,12,17,8
861,105032,2016-04-21,16,15,27,23,30,13,2
862,105033,2016-04-25,8,21,7,27,10,34,4
863,105034,2016-04-28,37,6,8,15,1,24,7
864,105035,2016-05-02,17,9,28,18,22,15,6
865,105036,2016-05-05,18,19,16,14,9,2,6
866,105037,2016-05-09,38,37,30,20,14,4,4
867,105038,2016-05-12,19,32,22,12,1,15,5
868,105039,2016-05-16,28,21,27,9,38,11,4
869,105040,2016-05-19,1,32,16,10,30,23,2
870,105041,2016-05-23,14,38,35,15,3,11,2
871,105042,2016-05-26,5,25,24,3,28,12,6
872,105043,2016-05-30,12,38,3,17,27,28,4
873,105044,2016-06-02,16,17,11,33,34,38,8
874,105045,2016-06-06,24,29,6,13,14,38,8
875,105046,2016-06-09,24,38,27,12,35,10,6
876,105047,2016-06-13,3,21,14,36,10,23,3
877,105048,2016-06-16,2,19,11,31,9,35,4
878,105049,2016-06-20,6,7,9,32,2,21,4
879,105050,2016-06-23,31,12,33,8,15,5,5
880,105051,2016-06-27,27,14,29,26,19,18,6
881,105052,2016-06-30,6,23,22,31,16,34,8
882,105053,2016-07-04,34,33,29,21,1,31,2
883,105054,2016-07-07,27,5,2,17,11,23,2
884,105055,2016-07-11,38,5,14,10,34,31,2
885,105056,2016-07-14,7,36,37,27,25,31,7
886,105057,2016-07-18,9,26,30,14,37,1,6
887,105058,2016-07-21,20,23,38,29,22,13,8
888,105059,2016-07-25,26,14,6,31,5,38,6
889,105060,2016-07-28,21,8,17,37,3,6,1
890,105061,2016-08-01,26,35,1,18,38,22,2
891,105062,2016-08-04,32,6,17,38,14,18,2
892,105063,2016-08-08,21,1,2,12,35,16,3
893,105064,2016-08-11,1,22,37,31,35,33,3
894,105065,2016-08-15,8,38,14,30,28,5,5
895,105066,2016-08-18,8,1,22,17,26,24,6
896,105067,2016-08-22,16,26,29,23,33,12,7
897,105068,2016-08-25,31,13,1,33,30,37,8
898,105069,2016-08-29,8,32,34,29,7,23,5
899,105070,2016-09-01,18,21,37,14,29,10,5
900,105071,2016-09-05,7,4,21,35,25,37,4
901,105072,2016-09-08,18,27,31,10,21,33,3
902,105073,2016-09-12,9,11,36,13,33,23,3
903,105074,2016-09-15,17,4,37,3,29,6,7
904,105075,2016-09-19,31,15,7,12,8,18,6
905,105076,2016-09-22,25,19,24,37,15,14,6
906,105077,2016-09-26,10,20,5,22,36,11,6
907,105078,2016-09-29,13,2,6,37,28,20,2
908,105079,2016-10-03,32,7,26,2,36,27,2
909,105080,2016-10-06,5,34,14,33,19,7,3
910,105081,2016-10-10,20,29,38,7,34,11,4
911,105082,2016-10-13,5,2,10,36,33,6,3
912,105083,2016-10-17,1,20,6,10,23,35,6
913,105084,2016-10-20,23,13,29,24,4,19,5
914,105085,2016-10-24,1,8,5,27,6,14,4
915,105086,2016-10-27,26,12,31,5,33,11,7
916,105087,2016-10-31,15,24,10,27,34,20,8
917,105088,2016-11-03,21,4,26,5,14,36,5
918,105089,2016-11-07,30,9,29,19,34,22,4
919,105090,2016-11-10,29,4,27,1,5,15,4
920,105091,2016-11-14,5,17,13,15,30,6,7
921,105092,2016-11-17,8,7,29,28,38,37,1
922,105093,2016-11-21,28,23,32,10,14,36,2
923,105094,2016-11-24,10,28,1,16,15,7,2
924,105095,2016-11-28,18,13,30,36,32,26,3
925,105096,2016-12-01,18,38,5,27,34,12,5
926,105097,2016-12-05,32,30,23,13,33,35,8
927,105098,2016-12-08,22,8,1,30,16,18,6
928,105099,2016-12-12,26,11,20,31,5,15,4
929,105100,2016-12-15,2,33,13,36,9,4,6
930,105101,2016-12-19,34,6,12,28,23,9,5
931,105102,2016-12-22,38,10,29,32,16,9,6
932,105103,2016-12-26,36,11,24,31,22,7,3
933,105104,2016-12-29,21,17,8,15,31,11,7
934,106001,2017-01-02,31,4,9,34,21,7,2
935,106002,2017-01-05,18,13,7,24,37,29,7
936,106003,2017-01-09,35,24,15,4,36,8,6
937,106004,2017-01-12,31,2,17,7,32,10,3
938,106005,2017-01-16,16,20,24,15,23,18,3
939,106006,2017-01-19,26,7,36,3,25,35,5
940,106007,2017-01-23,24,8,2,7,5,15,7
941,106008,2017-01-26,8,2,38,17,24,16,5
942,106009,2017-01-30,8,3,10,7,18,31,4
943,106010,2017-02-02,37,10,20,30,9,1,3
944,106011,2017-02-06,21,2,33,15,34,20,3
945,106012,2017-02-09,36,28,25,1,30,3,2
946,106013,2017-02-13,25,21,22,4,33,9,7
947,106014,2017-02-16,20,6,14,24,12,15,7
948,106015,2017-02-20,35,16,38,17,24,12,4
949,106016,2017-02-23,6,1,29,2,16,11,7
950,106017,2017-02-27,18,32,37,25,38,20,1
951,106018,2017-03-02,19,3,28,14,8,34,2
952,106019,2017-03-06,23,11,7,26,25,6,4
953,106020,2017-03-09,32,18,20,6,7,24,7
954,106021,2017-03-13,5,32,13,30,23,14,2
955,106022,2017-03-16,8,11,2,21,15,20,2
956,106023,2017-03-20,35,3,4,38,29,27,2
957,106024,2017-03-23,7,18,14,29,8,15,2
958,106025,2017-03-27,34,35,38,5,22,12,2
959,106026,2017-03-30,12,37,10,31,16,5,7
960,106027,2017-04-03,33,26,15,1,13,22,6
961,106028,2017-04-06,2,37,1,33,7,36,5
962,106029,2017-04-10,12,18,6,10,38,8,3
963,106030,2017-04-13,19,7,9,37,30,1,4
964,106031,2017-04-17,34,23,11,35,2,24,4
965,106032,2017-04-20,16,35,24,19,1,14,8
966,106033,2017-04-24,35,24,12,6,1,25,6
967,106034,2017-04-27,6,24,4,18,26,11,4
968,106035,2017-05-01,7,23,16,4,17,2,1
969,106036,2017-05-04,13,9,4,14,19,37,2
970,106037,2017-05-08,17,7,38,3,14,26,7
971,106038,2017-05-11,28,12,4,6,37,29,3
972,106039,2017-05-15,12,27,11,31,6,14,4
973,106040,2017-05-18,4,30,32,15,17,1,3
974,106041,2017-05-22,5,10,11,36,2,38,3
975,106042,2017-05-25,15,24,7,22,26,34,1
976,106043,2017-05-29,1,20,8,37,13,11,1
977,106044,2017-06-01,5,1,34,8,31,35,2
978,106045,2017-06-05,4,16,15,2,25,36,3
979,106046,2017-06-08,26,11,9,29,1,8,4
980,106047,2017-06-12,20,9,7,15,30,31,5
981,106048,2017-06-15,13,23,8,28,35,34,2
982,106049,2017-06-19,21,6,13,30,24,9,5
983,106050,2017-06-22,20,3,12,6,18,35,2
984,106051,2017-06-26,31,27,17,37,20,19,3
985,106052,2017-06-29,36,7,4,19,25,20,8
986,106053,2017-07-03,32,7,31,8,11,3,3
987,106054,2017-07-06,12,21,30,34,8,35,5
988,106055,2017-07-10,14,5,28,16,21,22,5
989,106056,2017-07-13,33,30,16,18,19,13,3
990,106057,2017-07-17,11,25,10,38,6,32,3
991,106058,2017-07-20,22,13,15,35,10,9,3
992,106059,2017-07-24,19,32,25,34,5,29,8
993,106060,2017-07-27,15,11,34,17,26,29,1
994,106061,2017-07-31,29,35,1,38,9,8,1
995,106062,2017-08-03,18,25,37,17,1,21,1
996,106063,2017-08-07,6,22,7,25,37,4,4
997,106064,2017-08-10,30,5,32,22,1,12,8
998,106065,2017-08-14,8,19,1,13,35,30,5
999,106066,2017-08-17,11,9,13,12,24,30,4
1000,106067,2017-08-21,17,31,20,1,26,3,2
1001,106068,2017-08-24,30,22,15,12,17,4,3
1002,106069,2017-08-28,15,4,17,10,28,16,1
1003,106070,2017-08-31,18,5,2,14,8,9,4
1004,106071,2017-09-04,10,14,15,18,8,29,2
1005,106072,2017-09-07,12,22,7,14,3,2,4
1006,106073,2017-09-11,3,34,32,26,21,1,2
1007,106074,2017-09-14,25,13,26,5,22,31,5
1008,106075,2017-09-18,26,37,8,22,4,2,1
1009,106076,2017-09-21,4,23,6,11,18,16,4
1010,106077,2017-09-25,4,15,3,34,16,24,4
1011,106078,2017-09-28,4,25,34,1,36,18,1
1012,106079,2017-10-02,3,34,13,38,26,17,8
1013,106080,2017-10-05,30,7,12,8,6,28,1
1014,106081,2017-10-09,15,19,20,17,24,27,8
1015,106082,2017-10-12,25,20,27,33,17,4,6
1016,106083,2017-10-16,16,25,2,9,7,17,7
1017,106084,2017-10-19,10,8,21,11,12,6,6
1018,106085,2017-10-23,11,35,17,33,30,10,8
1019,106086,2017-10-26,24,34,26,5,7,38,3
1020,106087,2017-10-30,19,13,14,38,24,32,1
1021,106088,2017-11-02,9,19,26,2,29,31,1
1022,106089,2017-11-06,31,9,1,21,27,16,5
1023,106090,2017-11-09,19,20,18,23,8,37,8
1024,106091,2017-11-13,15,4,28,17,20,25,1
1025,106092,2017-11-16,11,38,20,21,13,1,2
1026,106093,2017-11-20,26,9,37,30,16,18,5
1027,106094,2017-11-23,14,34,17,28,29,20,5
1028,106095,2017-11-27,14,20,13,10,17,21,2
1029,106096,2017-11-30,8,34,13,28,29,7,2
1030,106097,2017-12-04,20,26,24,19,36,17,3
1031,106098,2017-12-07,20,17,3,22,4,7,5
1032,106099,2017-12-11,38,16,15,3,23,10,3
1033,106100,2017-12-14,30,1,12,24,6,25,3
1034,106101,2017-12-18,28,3,1,24,17,7,7
1035,106102,2017-12-21,23,36,3,8,24,22,4
1036,106103,2017-12-25,15,10,16,2,21,12,5
1037,106104,2017-12-28,14,23,29,1,28,18,7
1038,107001,2018-01-01,13,15,37,30,16,32,6
1039,107002,2018-01-04,12,21,2,24,34,37,5
1040,107003,2018-01-08,3,6,31,11,26,38,6
1041,107004,2018-01-11,5,19,38,25,12,8,3
1042,107005,2018-01-15,13,16,32,26,6,33,3
1043,107006,2018-01-18,11,38,16,5,23,17,2
1044,107007,2018-01-22,6,38,28,13,10,9,6
1045,107008,2018-01-25,20,29,14,36,38,9,4
1046,107009,2018-01-29,26,32,2,37,33,8,7
1047,107010,2018-02-01,2,26,17,36,19,13,6
1048,107011,2018-02-05,9,27,25,10,24,33,2
1049,107012,2018-02-08,6,24,14,4,11,18,5
1050,107013,2018-02-12,33,17,25,1,8,6,2
1051,107014,2018-02-15,1,15,8,19,14,11,3
1052,107015,2018-02-19,5,26,36,12,8,30,4
1053,107016,2018-02-22,5,27,16,7,18,3,1
1054,107017,2018-02-26,6,19,26,33,12,5,6
1055,107018,2018-03-01,32,31,25,12,36,22,2
1056,107019,2018-03-05,38,13,20,31,12,22,2
1057,107020,2018-03-08,1,31,24,12,25,35,4
1058,107021,2018-03-12,19,13,8,36,2,22,1
1059,107022,2018-03-15,4,24,1,16,28,19,6
1060,107023,2018-03-19,34,13,23,38,21,16,6
1061,107024,2018-03-22,15,13,34,24,33,8,7
1062,107025,2018-03-26,14,15,22,32,11,13,2
1063,107026,2018-03-29,36,13,14,8,19,24,2
1064,107027,2018-04-02,22,28,30,18,9,29,2
1065,107028,2018-04-05,15,19,38,6,34,37,3
1066,107029,2018-04-09,23,3,21,1,13,38,2
1067,107030,2018-04-12,12,9,21,10,37,24,7
1068,107031,2018-04-16,20,38,24,19,32,23,1
1069,107032,2018-04-19,18,15,9,33,29,4,7
1070,107033,2018-04-23,36,3,13,21,7,16,7
1071,107034,2018-04-26,26,35,27,18,8,19,2
1072,107035,2018-04-30,4,18,8,12,16,22,2
1073,107036,2018-05-03,6,26,9,12,10,18,5
1074,107037,2018-05-07,28,5,33,15,35,8,6
1075,107038,2018-05-10,13,36,22,9,8,18,8
1076,107039,2018-05-14,12,27,30,32,5,37,7
1077,107040,2018-05-17,11,38,22,24,10,17,4
1078,107041,2018-05-21,35,4,36,7,16,21,1
1079,107042,2018-05-24,22,29,38,24,15,5,8
1080,107043,2018-05-28,26,14,9,12,32,20,6
1081,107044,2018-05-31,26,2,23,3,38,13,7
1082,107045,2018-06-04,31,4,25,33,17,27,7
1083,107046,2018-06-07,1,31,18,24,30,27,4
1084,107047,2018-06-11,23,16,27,20,4,17,4
1085,107048,2018-06-14,6,23,5,12,32,20,2
1086,107049,2018-06-18,9,1,10,7,17,16,6
1087,107050,2018-06-21,14,31,36,24,34,19,2
1088,107051,2018-06-25,33,27,35,38,6,22,8
1089,107052,2018-06-28,28,25,18,6,24,15,5
1090,107053,2018-07-02,2,11,4,19,7,32,5
1091,107054,2018-07-05,15,22,27,19,38,3,6
1092,107055,2018-07-09,20,10,23,1,7,24,1
1093,107056,2018-07-12,12,4,25,27,14,16,3
1094,107057,2018-07-16,29,11,19,33,5,7,6
1095,107058,2018-07-19,1,24,30,26,8,37,5
1096,107059,2018-07-23,23,4,17,28,3,32,1
1097,107060,2018-07-26,31,25,8,24,6,22,2
1098,107061,2018-07-30,10,3,9,24,31,28,6
1099,107062,2018-08-02,10,6,20,25,14,26,4
1100,107063,2018-08-06,34,13,20,38,27,5,2
1101,107064,2018-08-09,29,26,36,9,10,3,5
1102,107065,2018-08-13,35,3,25,16,19,36,2
1103,107066,2018-08-16,19,33,34,38,27,24,6
1104,107067,2018-08-20,19,8,13,35,4,30,4
1105,107068,2018-08-23,11,36,2,20,18,15,6
1106,107069,2018-08-27,31,38,13,22,3,4,4
1107,107070,2018-08-30,29,33,36,19,5,4,2
1108,107071,2018-09-03,1,17,13,12,29,9,3
1109,107072,2018-09-06,22,32,24,25,23,34,2
1110,107073,2018-09-10,33,24,36,10,22,31,5
1111,107074,2018-09-13,14,21,24,29,31,32,5
1112,107075,2018-09-17,2,24,12,15,3,21,3
1113,107076,2018-09-20,32,25,31,35,22,34,2
1114,107077,2018-09-24,7,28,6,9,22,33,1
1115,107078,2018-09-27,2,32,24,4,38,23,1
1116,107079,2018-10-01,18,2,37,21,25,31,8
1117,107080,2018-10-04,26,24,15,28,6,30,3
1118,107081,2018-10-08,36,21,24,16,9,29,3
1119,107082,2018-10-11,19,21,6,14,16,12,6
1120,107083,2018-10-15,13,28,4,3,20,23,7
1121,107084,2018-10-18,35,32,20,4,12,36,1
1122,107085,2018-10-22,15,7,14,11,6,34,1
1123,107086,2018-10-25,4,26,37,20,38,13,2
1124,107087,2018-10-29,33,11,20,34,3,35,2
1125,107088,2018-11-01,38,12,25,8,23,27,6
1126,107089,2018-11-05,30,20,17,13,24,19,2
1127,107090,2018-11-08,16,19,25,4,11,29,1
1128,107091,2018-11-12,36,2,13,5,3,18,8
1129,107092,2018-11-15,17,22,33,38,20,18,8
1130,107093,2018-11-19,22,25,10,6,38,18,5
1131,107094,2018-11-22,15,1,21,33,3,2,7
1132,107095,2018-11-26,32,31,30,25,16,1,7
1133,107096,2018-11-29,2,18,28,35,26,10,1
1134,107097,2018-12-03,22,7,20,21,17,23,4
1135,107098,2018-12-06,24,13,16,21,4,38,2
1136,107099,2018-12-10,1,6,17,35,10,33,7
1137,107100,2018-12-13,3,22,2,18,9,35,8
1138,107101,2018-12-17,32,10,14,31,18,27,2
1139,107102,2018-12-20,13,28,12,7,27,37,6
1140,107103,2018-12-24,13,22,23,12,19,3,1
1141,107104,2018-12-27,37,25,3,19,24,31,6
1142,107105,2018-12-31,11,9,28,23,12,36,4
1143,108001,2019-01-03,21,24,26,3,32,23,3
1144,108002,2019-01-07,28,11,38,25,10,17,3
1145,108003,2019-01-10,36,37,17,5,3,2,5
1146,108004,2019-01-14,19,12,26,28,2,11,7
1147,108005,2019-01-17,8,15,12,13,7,30,8
1148,108006,2019-01-21,4,15,5,2,35,27,3
1149,108007,2019-01-24,25,8,22,17,37,20,2
1150,108008,2019-01-28,25,22,32,20,29,31,3
1151,108009,2019-01-31,19,20,29,17,36,26,1
1152,108010,2019-02-04,6,37,7,13,28,15,3
1153,108011,2019-02-07,27,9,26,21,36,1,8
1154,108012,2019-02-11,16,2,29,17,13,36,1
1155,108013,2019-02-14,14,5,9,23,29,27,2
1156,108014,2019-02-18,3,7,28,24,19,4,4
1157,108015,2019-02-21,6,37,5,34,33,13,4
1158,108016,2019-02-25,30,2,4,24,10,8,7
1159,108017,2019-02-28,19,23,3,27,4,26,8
1160,108018,2019-03-04,21,30,17,2,19,27,2
1161,108019,2019-03-07,19,14,7,31,28,34,5
1162,108020,2019-03-11,15,27,33,21,11,28,6
1163,108021,2019-03-14,33,23,36,4,9,21,4
1164,108022,2019-03-18,11,21,2,22,28,10,7
1165,108023,2019-03-21,22,36,6,10,20,19,6
1166,108024,2019-03-25,24,20,27,6,3,7,4
1167,108025,2019-03-28,31,4,34,22,36,21,2
1168,108026,2019-04-01,11,36,10,28,1,15,8
1169,108027,2019-04-04,12,5,4,38,24,21,3
1170,108028,2019-04-08,36,31,12,5,3,35,1
1171,108029,2019-04-11,22,13,20,26,2,21,1
1172,108030,2019-04-15,15,4,26,16,35,27,4
1173,108031,2019-04-18,23,28,22,4,1,30,2
1174,108032,2019-04-22,2,36,16,31,15,3,4
1175,108033,2019-04-25,16,2,3,25,37,38,7
1176,108034,2019-04-29,6,27,29,28,38,3,1
1177,108035,2019-05-02,4,21,7,34,27,16,4
1178,108036,2019-05-06,36,38,15,18,24,1,6
1179,108037,2019-05-09,8,7,10,15,23,17,3
1180,108038,2019-05-13,5,33,13,17,23,6,2
1181,108039,2019-05-16,7,25,9,8,12,5,6
1182,108040,2019-05-20,18,15,19,3,22,26,2
1183,108041,2019-05-23,30,9,3,29,27,23,1
1184,108042,2019-05-27,13,31,10,35,15,4,1
1185,108043,2019-05-30,4,6,13,36,37,10,8
1186,108044,2019-06-03,23,24,35,29,38,20,1
1187,108045,2019-06-06,19,16,9,7,21,14,5
1188,108046,2019-06-10,38,29,7,14,32,36,5
1189,108047,2019-06-13,21,26,37,11,35,33,4
1190,108048,2019-06-17,33,19,13,34,36,11,1
1191,108049,2019-06-20,21,16,14,19,30,3,2
1192,108050,2019-06-24,14,34,23,27,36,35,3
1193,108051,2019-06-27,5,17,29,11,34,2,5
1194,108052,2019-07-01,17,27,28,16,14,2,1
1195,108053,2019-07-04,22,33,23,38,24,34,4
1196,108054,2019-07-08,35,24,6,25,18,5,2
1197,108055,2019-07-11,18,19,28,6,16,4,2
1198,108056,2019-07-15,29,34,30,18,26,10,5
1199,108057,2019-07-18,20,2,17,38,14,3,3
1200,108058,2019-07-22,3,8,6,13,2,21,7
1201,108059,2019-07-25,37,32,25,1,19,23,2
1202,108060,2019-07-29,11,29,14,7,4,36,4
1203,108061,2019-08-01,11,31,32,37,24,25,8
1204,108062,2019-08-05,16,1,14,30,20,7,4
1205,108063,2019-08-08,38,8,19,7,15,34,8
1206,108064,2019-08-12,36,2,31,37,6,29,8
1207,108065,2019-08-15,31,17,27,23,3,5,1
1208,108066,2019-08-19,29,6,18,31,19,10,6
1209,108067,2019-08-22,2,3,25,9,7,27,5
1210,108068,2019-08-26,28,22,18,7,3,35,5
1211,108069,2019-08-29,16,23,8,21,14,1,1
1212,108070,2019-09-02,25,2,28,11,8,12,8
1213,108071,2019-09-05,8,32,1,13,21,26,1
1214,108072,2019-09-09,34,25,19,13,36,26,6
1215,108073,2019-09-12,29,13,28,20,2,34,2
1216,108074,2019-09-16,2,4,21,11,16,29,3
1217,108075,2019-09-19,8,12,27,24,31,26,1
1218,108076,2019-09-23,36,23,27,32,30,21,3
1219,108077,2019-09-26,14,17,20,22,23,13,8
1220,108078,2019-09-30,18,34,21,33,27,3,5
1221,108079,2019-10-03,19,34,28,11,13,30,4
1222,108080,2019-10-07,29,27,15,5,31,36,4
1223,108081,2019-10-10,30,8,6,14,20,27,3
1224,108082,2019-10-14,16,13,33,15,14,31,4
1225,108083,2019-10-17,4,22,35,20,2,38,8
1226,108084,2019-10-21,20,5,23,7,27,13,8
1227,108085,2019-10-24,22,8,6,19,32,30,2
1228,108086,2019-10-28,18,26,20,21,5,32,5
1229,108087,2019-10-31,2,26,6,29,4,12,6
1230,108088,2019-11-04,30,8,13,7,26,15,4
1231,108089,2019-11-07,2,38,18,32,22,31,3
1232,108090,2019-11-11,26,16,22,29,9,25,4
1233,108091,2019-11-14,9,28,22,17,15,7,1
1234,108092,2019-11-18,6,32,19,29,28,8,2
1235,108093,2019-11-21,31,5,37,26,3,20,4
1236,108094,2019-11-25,31,16,17,6,28,24,5
1237,108095,2019-11-28,8,21,27,36,33,31,7
1238,108096,2019-12-02,24,30,11,8,2,25,6
1239,108097,2019-12-05,5,26,21,15,28,3,6
1240,108098,2019-12-09,34,1,14,16,25,21,6
1241,108099,2019-12-12,12,9,21,32,13,30,7
1242,108100,2019-12-16,14,6,30,29,19,31,1
1243,108101,2019-12-19,28,17,27,23,1,33,6
1244,108102,2019-12-23,13,12,35,28,25,30,3
1245,108103,2019-12-26,12,5,13,38,19,27,5
1246,108104,2019-12-30,11,13,26,19,15,31,7
1247,109001,2020-01-02,7,16,12,30,3,20,8
1248,109002,2020-01-06,31,14,20,23,19,6,7
1249,109003,2020-01-09,7,21,24,15,8,1,3
1250,109004,2020-01-13,27,18,28,12,13,19,3
1251,109005,2020-01-16,1,32,27,38,9,35,4
1252,109006,2020-01-20,27,20,29,12,36,33,1
1253,109007,2020-01-23,18,25,32,35,26,31,4
1254,109008,2020-01-27,28,2,14,29,37,33,3
1255,109009,2020-01-30,18,16,17,31,36,34,4
1256,109010,2020-02-03,35,34,10,24,18,29,2
1257,109011,2020-02-06,16,26,29,24,9,5,4
1258,109012,2020-02-10,21,4,12,19,14,16,8
1259,109013,2020-02-13,10,7,19,28,5,17,1
1260,109014,2020-02-17,9,21,36,24,22,10,1
1261,109015,2020-02-20,3,10,33,8,17,11,3
1262,109016,2020-02-24,14,30,8,1,24,6,3
1263,109017,2020-02-27,22,31,15,10,3,20,4
1264,109018,2020-03-02,31,13,38,25,30,33,8
1265,109019,2020-03-05,38,3,4,9,34,24,1
1266,109020,2020-03-09,27,18,30,19,22,35,1
1267,109021,2020-03-12,26,7,10,16,33,2,5
1268,109022,2020-03-16,11,4,13,34,31,19,7
1269,109023,2020-03-19,4,27,16,23,30,33,6
1270,109024,2020-03-23,37,25,34,30,4,16,2
1271,109025,2020-03-26,33,10,35,15,14,31,4
1272,109026,2020-03-30,9,12,33,36,31,11,5
1273,109027,2020-04-02,17,37,26,16,23,19,8
1274,109028,2020-04-06,33,30,31,1,14,28,2
1275,109029,2020-04-09,1,3,16,12,33,35,1
1276,109030,2020-04-13,19,18,22,37,10,11,1
1277,109031,2020-04-16,30,25,20,6,17,3,5
1278,109032,2020-04-20,17,38,12,5,23,20,7
1279,109033,2020-04-23,10,15,16,17,26,18,6
1280,109034,2020-04-27,33,3,13,15,1,17,1
1281,109035,2020-04-30,7,31,30,15,11,12,6
1282,109036,2020-05-04,19,31,23,2,32,35,7
1283,109037,2020-05-07,20,5,23,21,36,25,3
1284,109038,2020-05-11,14,32,25,28,15,34,8
1285,109039,2020-05-14,12,24,17,35,30,34,2
1286,109040,2020-05-18,35,4,27,36,11,25,8
1287,109041,2020-05-21,24,7,35,4,27,33,8
1288,109042,2020-05-25,28,29,3,18,4,14,4
1289,109043,2020-05-28,35,8,2,4,7,18,6
1290,109044,2020-06-01,4,1,25,19,13,21,8
1291,109045,2020-06-04,4,38,6,37,18,26,1
1292,109046,2020-06-08,1,16,8,33,15,28,6
1293,109047,2020-06-11,38,22,26,27,6,17,4
1294,109048,2020-06-15,20,28,14,16,32,23,7
1295,109049,2020-06-18,12,25,20,27,6,37,5
1296,109050,2020-06-22,21,7,10,23,27,24,1
1297,109051,2020-06-25,27,24,22,17,36,15,6
1298,109052,2020-06-29,8,19,1,27,26,38,8
1299,109053,2020-07-02,2,28,30,5,7,38,5
1300,109054,2020-07-06,24,31,32,15,30,35,8
1301,109055,2020-07-09,35,24,17,29,12,3,4
1302,109056,2020-07-13,11,26,3,2,18,31,3
1303,109057,2020-07-16,35,14,13,6,31,33,8
1304,109058,2020-07-20,37,20,15,26,4,22,1
1305,109059,2020-07-23,35,17,9,1,18,31,2
1306,109060,2020-07-27,27,8,5,19,21,37,2
1307,109061,2020-07-30,22,14,12,26,16,11,4
1308,109062,2020-08-03,24,31,14,4,1,21,8
1309,109063,2020-08-06,1,19,26,16,10,34,1
1310,109064,2020-08-10,6,15,22,4,19,5,3
1311,109065,2020-08-13,32,34,12,23,10,6,6
1312,109066,2020-08-17,36,38,6,34,24,22,7
1313,109067,2020-08-20,27,37,11,35,34,38,2
1314,109068,2020-08-24,5,33,29,31,28,24,7
1315,109069,2020-08-27,36,19,27,33,20,18,8
1316,109070,2020-08-31,30,14,17,16,12,1,6
1317,109071,2020-09-03,18,30,22,24,16,25,1
1318,109072,2020-09-07,22,33,9,15,31,38,2
1319,109073,2020-09-10,20,38,25,16,2,35,5
1320,109074,2020-09-14,38,6,37,26,22,33,2
1321,109075,2020-09-17,27,26,28,37,9,32,2
1322,109076,2020-09-21,21,19,9,8,34,15,5
1323,109077,2020-09-24,13,33,27,6,14,32,7
1324,109078,2020-09-28,18,11,26,8,9,37,2
1325,109079,2020-10-01,15,33,13,25,11,19,1
1326,109080,2020-10-05,14,1,26,32,35,19,2
1327,109081,2020-10-08,13,14,4,3,5,6,5
1328,109082,2020-10-12,15,16,25,24,3,20,4
1329,109083,2020-10-15,1,6,21,2,4,38,7
1330,109084,2020-10-19,19,7,38,5,10,30,7
1331,109085,2020-10-22,26,30,21,24,15,8,7
1332,109086,2020-10-26,36,37,20,11,24,26,1
1333,109087,2020-10-29,7,12,30,3,21,32,2
1334,109088,2020-11-02,15,32,37,12,4,38,4
1335,109089,2020-11-05,24,37,29,12,1,2,4
1336,109090,2020-11-09,34,36,31,6,29,10,5
1337,109091,2020-11-12,15,4,29,33,37,24,1
1338,109092,2020-11-16,20,1,31,24,26,32,3
1339,109093,2020-11-19,18,9,22,14,35,29,6
1340,109094,2020-11-23,11,16,35,24,13,26,6
1341,109095,2020-11-26,9,14,28,36,1,29,6
1342,109096,2020-11-30,2,17,15,4,14,21,5
1343,109097,2020-12-03,34,7,33,35,5,29,8
1344,109098,2020-12-07,28,15,35,3,6,12,8
1345,109099,2020-12-10,21,30,34,15,32,29,8
1346,109100,2020-12-14,17,23,30,4,6,35,3
1347,109101,2020-12-17,38,2,25,6,16,11,4
1348,109102,2020-12-21,12,2,33,6,32,22,2
1349,109103,2020-12-24,35,36,8,3,23,25,3
1350,109104,2020-12-28,12,15,31,38,22,18,5
1351,109105,2020-12-31,13,27,25,2,20,9,7
1352,110001,2021-01-04,34,14,20,31,38,7,3
1353,110002,2021-01-07,9,32,35,4,20,12,3
1354,110003,2021-01-11,6,15,19,33,18,14,5
1355,110004,2021-01-14,29,20,30,21,1,36,5
1356,110005,2021-01-18,18,2,20,3,31,17,8
1357,110006,2021-01-21,16,38,7,32,28,5,4
1358,110007,2021-01-25,31,11,4,13,22,29,1
1359,110008,2021-01-28,9,34,30,19,36,1,8
1360,110009,2021-02-01,17,38,34,13,1,36,2
1361,110010,2021-02-04,22,9,29,14,7,8,2
1362,110011,2021-02-08,11,7,37,3,32,6,7
1363,110012,2021-02-11,3,11,32,14,9,13,8
1364,110013,2021-02-15,12,13,22,16,2,32,7
1365,110014,2021-02-18,21,24,35,26,4,34,8
1366,110015,2021-02-22,17,13,14,7,27,21,6
1367,110016,2021-02-25,34,32,4,3,6,16,3
1368,110017,2021-03-01,38,5,9,10,21,32,7
1369,110018,2021-03-04,31,32,30,11,18,2,6
1370,110019,2021-03-08,3,25,23,19,9,31,1
1371,110020,2021-03-11,17,7,21,27,30,31,5
1372,110021,2021-03-15,7,33,14,3,19,26,2
1373,110022,2021-03-18,18,2,17,14,19,28,4
1374,110023,2021-03-22,36,31,14,33,7,27,2
1375,110024,2021-03-25,12,17,5,32,29,4,7
1376,110025,2021-03-29,23,37,2,11,26,18,2
1377,110026,2021-04-01,11,16,5,22,26,17,4
1378,110027,2021-04-05,4,5,11,2,32,24,1
1379,110028,2021-04-08,37,14,34,11,5,6,2
1380,110029,2021-04-12,19,24,27,15,21,16,2
1381,110030,2021-04-15,13,30,36,27,16,31,3
1382,110031,2021-04-19,32,2,18,8,22,26,1
1383,110032,2021-04-22,6,37,4,1,27,24,4
1384,110033,2021-04-26,25,31,34,12,1,24,6
1385,110034,2021-04-29,29,16,18,34,13,5,4
1386,110035,2021-05-03,37,21,16,26,31,8,7
1387,110036,2021-05-06,26,35,11,9,23,6,8
1388,110037,2021-05-10,3,25,28,22,14,30,8
1389,110038,2021-05-13,7,13,6,5,28,19,4
1390,110039,2021-05-17,7,25,4,1,12,26,6
1391,110040,2021-05-20,36,3,15,25,14,22,4
1392,110041,2021-05-24,38,33,11,14,19,5,2
1393,110042,2021-05-27,23,11,24,7,4,34,6
1394,110043,2021-05-31,2,36,10,5,16,7,1
1395,110044,2021-06-03,25,32,7,20,13,37,7
1396,110045,2021-06-07,28,23,30,5,10,7,7
1397,110046,2021-06-10,20,31,18,32,2,28,5
1398,110047,2021-06-14,27,6,38,16,28,8,4
1399,110048,2021-06-17,38,14,32,18,35,4,1
1400,110049,2021-06-21,2,24,8,38,37,10,2
1401,110050,2021-06-24,11,23,7,31,15,34,1
1402,110051,2021-06-28,2,6,13,16,26,28,3
1403,110052,2021-07-01,8,29,19,34,16,35,3
1404,110053,2021-07-05,17,10,4,11,18,24,1
1405,110054,2021-07-08,31,1,4,38,13,14,3
1406,110055,2021-07-12,36,21,22,7,15,29,5
1407,110056,2021-07-15,31,29,37,27,19,20,1
1408,110057,2021-07-19,11,15,9,12,7,1,6
1409,110058,2021-07-22,5,31,29,10,19,4,1
1410,110059,2021-07-26,12,26,34,19,20,27,8
1411,110060,2021-07-29,32,22,14,35,10,23,3
1412,110061,2021-08-02,11,30,23,37,10,25,5
1413,110062,2021-08-05,7,28,3,1,26,4,8
1414,110063,2021-08-09,6,35,29,23,10,38,1
1415,110064,2021-08-12,28,32,36,10,22,34,1
1416,110065,2021-08-16,2,14,27,16,29,24,7
1417,110066,2021-08-19,29,10,37,3,13,38,2
1418,110067,2021-08-23,24,9,35,19,8,23,1
1419,110068,2021-08-26,25,31,18,22,35,27,1
1420,110069,2021-08-30,3,30,6,11,17,14,8
1421,110070,2021-09-02,27,19,13,9,38,12,6
1422,110071,2021-09-06,6,12,15,2,28,26,8
1423,110072,2021-09-09,5,29,33,2,26,1,4
1424,110073,2021-09-13,2,33,38,37,3,14,2
1425,110074,2021-09-16,16,22,29,14,8,38,3
1426,110075,2021-09-20,26,24,4,20,31,13,2
1427,110076,2021-09-23,21,2,36,35,37,20,3
1428,110077,2021-09-27,1,16,28,14,20,33,1
1429,110078,2021-09-30,21,2,27,28,16,10,7
1430,110079,2021-10-04,5,3,8,34,10,14,6
1431,110080,2021-10-07,5,31,12,15,13,7,2
1432,110081,2021-10-11,24,33,15,12,38,5,2
1433,110082,2021-10-14,16,20,31,33,1,22,8
1434,110083,2021-10-18,1,24,2,5,33,13,3
1435,110084,2021-10-21,12,11,14,35,22,33,2
1436,110085,2021-10-25,16,29,10,13,33,6,3
1437,110086,2021-10-28,10,18,32,27,3,14,7
1438,110087,2021-11-01,37,16,32,10,19,22,6
1439,110088,2021-11-04,38,11,5,37,9,35,4
1440,110089,2021-11-08,6,33,30,22,8,18,4
1441,110090,2021-11-11,37,8,2,12,1,33,2
1442,110091,2021-11-15,9,29,32,19,21,6,8
1443,110092,2021-11-18,27,33,21,13,30,38,6
1444,110093,2021-11-22,9,19,21,17,13,18,4
1445,110094,2021-11-25,3,15,19,18,6,13,4
1446,110095,2021-11-29,20,22,25,35,21,30,4
1447,110096,2021-12-02,16,17,8,4,35,25,8
1448,110097,2021-12-06,36,1,15,2,22,23,3
1449,110098,2021-12-09,5,19,36,9,3,26,1
1450,110099,2021-12-13,14,18,3,38,10,28,8
1451,110100,2021-12-16,15,10,12,2,21,3,6
1452,110101,2021-12-20,4,6,34,32,29,36,2
1453,110102,2021-12-23,26,22,8,14,6,34,3
1454,110103,2021-12-27,15,33,3,34,24,25,6
1455,110104,2021-12-30,19,28,7,38,25,18,4
1456,111001,2022-01-03,18,30,8,35,27,14,1
1457,111002,2022-01-06,3,8,5,31,30,12,2
1458,111003,2022-01-10,6,14,34,28,1,15,6
1459,111004,2022-01-13,18,31,1,8,26,17,7
1460,111005,2022-01-17,13,21,23,28,15,22,4
1461,111006,2022-01-20,38,29,23,2,5,9,2
1462,111007,2022-01-24,6,14,37,11,31,28,7
1463,111008,2022-01-27,25,12,24,19,38,16,8
1464,111009,2022-01-31,18,3,7,21,37,23,6
1465,111010,2022-02-03,28,27,13,11,19,22,3
1466,111011,2022-02-07,38,13,21,27,9,35,2
1467,111012,2022-02-10,34,6,23,30,22,10,1
1468,111013,2022-02-14,36,4,8,30,19,29,4
1469,111014,2022-02-17,19,8,28,37,27,21,2
1470,111015,2022-02-21,36,13,16,37,28,5,1
1471,111016,2022-02-24,32,4,25,1,18,24,5
1472,111017,2022-02-28,7,14,27,28,30,32,6
1473,111018,2022-03-03,23,30,21,16,18,22,4
1474,111019,2022-03-07,12,28,26,19,3,31,2
1475,111020,2022-03-10,21,5,35,30,25,27,4
1476,111021,2022-03-14,8,15,12,4,14,17,3
1477,111022,2022-03-17,32,21,29,6,12,8,3
1478,111023,2022-03-21,20,24,10,1,11,23,4
1479,111024,2022-03-24,29,34,12,20,8,15,4
1480,111025,2022-03-28,25,30,12,3,4,21,7
1481,111026,2022-03-31,36,8,31,11,38,29,7
1482,111027,2022-04-04,19,26,13,25,10,38,2
1483,111028,2022-04-07,31,21,15,1,38,37,5
1484,111029,2022-04-11,38,5,35,1,26,4,4
1485,111030,2022-04-14,28,33,27,31,12,9,2
1486,111031,2022-04-18,5,9,38,22,8,1,3
1487,111032,2022-04-21,35,31,18,1,28,33,3
1488,111033,2022-04-25,36,2,26,25,38,3,1
1489,111034,2022-04-28,22,29,36,23,3,12,6
1490,111035,2022-05-02,3,12,28,35,20,25,2
1491,111036,2022-05-05,38,6,34,19,10,23,3
1492,111037,2022-05-09,16,17,3,21,34,12,6
1493,111038,2022-05-12,1,34,13,26,21,2,6
1494,111039,2022-05-16,17,3,15,5,31,29,6
1495,111040,2022-05-19,38,19,26,17,20,27,5
1496,111041,2022-05-23,27,14,15,31,24,17,2
1497,111042,2022-05-26,13,9,17,25,32,35,1
1498,111043,2022-05-30,8,33,32,1,27,2,5
1499,111044,2022-06-02,2,16,37,34,14,36,8
1500,111045,2022-06-06,29,32,4,27,13,12,7
1501,111046,2022-06-09,11,12,3,28,6,22,5
1502,111047,2022-06-13,24,31,12,35,36,17,3
1503,111048,2022-06-16,32,25,17,7,16,22,7
1504,111049,2022-06-20,26,3,17,4,11,19,5
1505,111050,2022-06-23,2,32,17,1,35,33,4
1506,111051,2022-06-27,30,4,32,21,8,29,6
1507,111052,2022-06-30,7,1,31,12,17,19,7
1508,111053,2022-07-04,10,2,20,5,8,25,7
1509,111054,2022-07-07,7,3,37,20,28,1,1
1510,111055,2022-07-11,17,19,37,11,5,23,7
1511,111056,2022-07-14,7,1,30,10,8,6,7
1512,111057,2022-07-18,17,10,33,15,7,30,8
1513,111058,2022-07-21,27,23,37,11,15,6,6
1514,111059,2022-07-25,14,9,25,8,29,17,1
1515,111060,2022-07-28,13,15,20,35,31,17,5
1516,111061,2022-08-01,25,31,7,5,10,21,2
1517,111062,2022-08-04,11,24,35,20,33,29,6
1518,111063,2022-08-08,8,36,17,2,32,12,3
1519,111064,2022-08-11,33,14,38,16,5,35,4
1520,111065,2022-08-15,12,7,28,16,18,10,1
1521,111066,2022-08-18,16,29,28,4,35,5,4
1522,111067,2022-08-22,19,30,2,22,9,4,2
1523,111068,2022-08-25,38,27,13,11,28,8,5
1524,111069,2022-08-29,21,27,4,10,12,29,4
1525,111070,2022-09-01,23,9,24,16,3,21,3
1526,111071,2022-09-05,38,31,7,17,21,25,3
1527,111072,2022-09-08,30,21,2,38,6,18,4
1528,111073,2022-09-12,16,14,23,29,2,4,4
1529,111074,2022-09-15,2,31,36,28,9,29,1
1530,111075,2022-09-19,27,7,25,38,31,13,3
1531,111076,2022-09-22,30,16,19,36,31,26,2
1532,111077,2022-09-26,10,16,20,3,14,17,5
1533,111078,2022-09-29,10,1,22,27,35,17,1
1534,111079,2022-10-03,1,18,23,28,7,17,5
1535,111080,2022-10-06,10,26,36,23,15,21,4
1536,111081,2022-10-10,24,33,6,13,21,27,1
1537,111082,2022-10-13,21,1,19,24,9,17,5
1538,111083,2022-10-17,32,1,13,18,33,27,6
1539,111084,2022-10-20,10,9,6,33,2,24,2
1540,111085,2022-10-24,27,29,15,7,9,30,4
1541,111086,2022-10-27,12,36,22,20,16,29,5
1542,111087,2022-10-31,20,29,25,2,10,36,6
1543,111088,2022-11-03,11,35,6,16,1,29,1
1544,111089,2022-11-07,18,10,7,17,22,9,8
1545,111090,2022-11-10,9,12,32,19,31,35,8
1546,111091,2022-11-14,15,30,10,29,17,21,5
1547,111092,2022-11-17,28,20,3,34,12,32,8
1548,111093,2022-11-21,15,26,19,25,23,35,2
1549,111094,2022-11-24,37,23,10,32,8,11,6
1550,111095,2022-11-28,4,36,13,9,7,19,7
1551,111096,2022-12-01,6,17,12,15,5,20,8
1552,111097,2022-12-05,35,30,22,16,26,14,2
1553,111098,2022-12-08,21,15,8,12,25,14,4
1554,111099,2022-12-12,6,20,26,12,25,24,4
1555,111100,2022-12-15,29,23,21,16,7,34,3
1556,111101,2022-12-19,7,11,1,20,3,13,5
1557,111102,2022-12-22,13,19,23,33,37,36,4
1558,111103,2022-12-26,29,31,14,21,9,4,6
1559,111104,2022-12-29,28,29,21,19,35,2,4
1560,112001,2023-01-02,35,5,27,3,28,4,8
1561,112002,2023-01-05,4,15,18,11,36,25,5
1562,112003,2023-01-09,17,24,10,37,9,31,3
1563,112004,2023-01-12,36,20,8,34,22,4,3
1564,112005,2023-01-16,13,3,17,11,38,23,8
1565,112006,2023-01-19,10,3,25,33,14,15,8
1566,112007,2023-01-23,15,23,33,17,38,7,1
1567,112008,2023-01-26,28,22,23,36,3,11,7
1568,112009,2023-01-30,23,27,34,28,11,10,3
1569,112010,2023-02-02,35,14,38,15,9,20,5
1570,112011,2023-02-06,26,6,9,23,4,11,5
1571,112012,2023-02-09,37,33,27,24,1,2,2
1572,112013,2023-02-13,8,23,10,15,28,18,5
1573,112014,2023-02-16,32,6,5,18,25,38,1
1574,112015,2023-02-20,24,22,8,2,27,16,8
1575,112016,2023-02-23,26,30,19,33,10,34,4
1576,112017,2023-02-27,6,1,20,10,3,17,8
1577,112018,2023-03-02,12,3,27,18,26,34,4
1578,112019,2023-03-06,28,17,2,20,13,25,6
1579,112020,2023-03-09,37,38,25,17,29,35,7
1580,112021,2023-03-13,21,34,16,11,30,10,3
1581,112022,2023-03-16,3,6,23,21,16,22,1
1582,112023,2023-03-20,38,6,20,9,29,36,3
1583,112024,2023-03-23,2,12,11,10,33,36,6
1584,112025,2023-03-27,22,30,9,28,12,18,5
1585,112026,2023-03-30,1,38,26,33,12,17,5
1586,112027,2023-04-03,26,17,34,22,35,19,5
1587,112028,2023-04-06,21,24,5,15,8,26,5
1588,112029,2023-04-10,6,23,29,4,34,19,7
1589,112030,2023-04-13,28,4,34,26,12,24,7
1590,112031,2023-04-17,9,29,36,15,25,30,8
1591,112032,2023-04-20,37,32,15,19,3,38,3
1592,112033,2023-04-24,14,20,17,28,13,2,7
1593,112034,2023-04-27,25,38,33,15,36,7,7
1594,112035,2023-05-01,25,29,14,32,1,7,3
1595,112036,2023-05-04,5,33,2,36,15,22,5
1596,112037,2023-05-08,17,16,26,29,5,3,2
1597,112038,2023-05-11,7,11,25,34,13,23,3
1598,112039,2023-05-15,2,4,7,29,20,3,1
1599,112040,2023-05-18,26,14,31,7,24,12,4
1600,112041,2023-05-22,18,19,38,30,15,31,2
1601,112042,2023-05-25,19,6,38,20,12,9,2
1602,112043,2023-05-29,9,25,18,2,24,1,3
1603,112044,2023-06-01,29,37,10,25,18,36,2
1604,112045,2023-06-05,34,35,11,4,28,32,1
1605,112046,2023-06-08,8,35,38,18,3,12,3
1606,112047,2023-06-12,38,35,16,18,1,2,1
1607,112048,2023-06-15,24,2,34,36,25,26,8
1608,112049,2023-06-19,20,12,36,8,4,27,1
1609,112050,2023-06-22,24,28,4,1,17,7,8
1610,112051,2023-06-26,16,1,15,24,17,35,6
1611,112052,2023-06-29,36,27,26,29,8,1,2
1612,112053,2023-07-03,5,7,29,21,10,25,4
1613,112054,2023-07-06,25,26,30,36,7,21,4
1614,112055,2023-07-10,14,18,32,17,35,21,2
1615,112056,2023-07-13,20,18,19,29,1,23,6
1616,112057,2023-07-17,24,3,25,37,16,19,8
1617,112058,2023-07-20,27,5,10,17,35,34,5
1618,112059,2023-07-24,5,17,8,30,32,38,4
1619,112060,2023-07-27,32,33,7,25,6,16,2
1620,112061,2023-07-31,24,33,37,26,35,23,1
1621,112062,2023-08-03,25,17,33,18,27,21,4
1622,112063,2023-08-07,33,29,37,3,27,31,2
1623,112064,2023-08-10,3,29,21,30,38,11,3
1624,112065,2023-08-14,17,4,3,26,2,10,2
1625,112066,2023-08-17,4,37,18,28,23,21,6
1626,112067,2023-08-21,33,19,1,12,34,14,4
1627,112068,2023-08-24,21,3,23,17,38,10,3
1628,112069,2023-08-28,3,8,6,15,38,24,5
1629,112070,2023-08-31,30,34,27,23,4,22,7
1630,112071,2023-09-04,30,12,3,24,1,27,8
1631,112072,2023-09-07,22,33,15,18,20,11,7
1632,112073,2023-09-11,27,11,20,31,12,28,1
1633,112074,2023-09-14,28,14,29,2,26,24,7
1634,112075,2023-09-18,1,22,21,4,14,11,1
1635,112076,2023-09-21,13,34,12,28,3,7,5
1636,112077,2023-09-25,20,35,26,30,32,25,3
1637,112078,2023-09-28,9,33,16,25,29,17,7
1638,112079,2023-10-02,13,3,32,25,7,28,3
1639,112080,2023-10-05,29,4,25,15,20,30,2
1640,112081,2023-10-09,20,22,6,8,17,7,8
1641,112082,2023-10-12,35,23,14,20,8,27,8
1642,112083,2023-10-16,25,20,31,7,32,5,8
1643,112084,2023-10-19,7,26,22,28,4,19,1
1644,112085,2023-10-23,30,6,32,11,10,35,8
1645,112086,2023-10-26,31,28,38,27,30,36,8
1646,112087,2023-10-30,30,7,10,3,11,33,6
1647,112088,2023-11-02,20,15,28,9,37,36,7
1648,112089,2023-11-06,15,30,38,33,22,11,5
1649,112090,2023-11-09,5,8,26,24,23,3,5
1650,112091,2023-11-13,16,23,28,25,12,1,7
1651,112092,2023-11-16,37,28,35,7,1,4,2
1652,112093,2023-11-20,30,13,15,7,11,38,7
1653,112094,2023-11-23,37,8,22,13,25,6,7
1654,112095,2023-11-27,24,11,25,29,2,23,1
1655,112096,2023-11-30,33,28,35,2,13,21,2
1656,112097,2023-12-04,22,9,14,20,31,2,5
1657,112098,2023-12-07,16,33,17,9,4,18,1
1658,112099,2023-12-11,9,23,32,21,19,26,5
1659,112100,2023-12-14,19,32,4,16,35,17,5
1660,112101,2023-12-18,18,24,31,20,5,36,2
1661,112102,2023-12-21,13,38,34,3,10,37,4
1662,112103,2023-12-25,32,5,20,7,16,19,2
1663,112104,2023-12-28,31,23,7,8,18,20,8
1664,113001,2024-01-01,28,16,35,17,11,18,4
1665,113002,2024-01-04,3,24,12,6,2,28,5
1666,113003,2024-01-08,29,16,20,3,33,1,1
1667,113004,2024-01-11,16,34,10,22,17,4,5
1668,113005,2024-01-15,10,15,21,35,29,27,8
1669,113006,2024-01-18,14,4,6,31,34,2,3
1670,113007,2024-01-22,27,12,9,17,31,14,6
1671,113008,2024-01-25,17,11,3,26,29,10,1
1672,113009,2024-01-29,25,15,32,6,36,22,3
1673,113010,2024-02-01,13,21,25,4,29,23,7
1674,113011,2024-02-05,1,30,21,16,18,38,6
1675,113012,2024-02-08,10,15,20,24,34,25,2
1676,113013,2024-02-12,28,2,30,35,18,21,8
1677,113014,2024-02-15,7,2,17,33,32,22,4
1678,113015,2024-02-19,5,38,6,33,18,26,5
1679,113016,2024-02-22,4,17,25,24,13,14,4
1680,113017,2024-02-26,11,37,7,12,35,4,8
1681,113018,2024-02-29,17,24,1,11,2,29,4
1682,113019,2024-03-04,37,24,38,5,10,3,7
1683,113020,2024-03-07,20,17,11,27,13,3,2
1684,113021,2024-03-11,26,33,30,5,14,11,3
1685,113022,2024-03-14,11,2,12,21,30,15,6
1686,113023,2024-03-18,19,35,23,10,2,11,1
1687,113024,2024-03-21,16,26,8,1,17,38,7
1688,113025,2024-03-25,38,23,2,24,15,16,5
1689,113026,2024-03-28,31,19,15,9,2,24,4
1690,113027,2024-04-01,37,36,35,3,27,9,2
1691,113028,2024-04-04,14,17,3,22,33,24,1
1692,113029,2024-04-08,23,5,6,18,11,8,5
1693,113030,2024-04-11,14,11,36,25,12,30,3
1694,113031,2024-04-15,14,7,27,8,36,6,7
1695,113032,2024-04-18,21,18,2,16,34,37,5
1696,113033,2024-04-22,14,35,2,22,19,31,1
1697,113034,2024-04-25,36,37,34,31,20,3,7
1698,113035,2024-04-29,19,31,25,30,35,8,7
1699,113036,2024-05-02,13,17,33,35,26,24,6
1700,113037,2024-05-06,25,30,4,31,34,13,7
1701,113038,2024-05-09,14,10,37,22,35,29,7
1702,113039,2024-05-13,15,33,35,23,20,26,7
1703,113040,2024-05-16,2,10,13,18,30,1,1
1704,113041,2024-05-20,32,1,5,7,33,19,3
1705,113042,2024-05-23,4,8,14,25,37,21,3
1706,113043,2024-05-27,4,29,33,20,1,26,4
1707,113044,2024-05-30,7,6,31,16,21,27,6
1708,113045,2024-06-03,4,35,22,3,36,11,3
1709,113046,2024-06-06,17,38,25,5,13,33,1
1710,113047,2024-06-10,11,15,29,26,28,5,7
1711,113048,2024-06-13,15,32,18,2,5,35,3
1712,113049,2024-06-17,31,5,29,28,22,30,8
1713,113050,2024-06-20,11,27,24,36,30,10,7
1714,113051,2024-06-24,7,26,16,13,25,22,8
1715,113052,2024-06-27,14,29,15,11,2,17,1
1716,113053,2024-07-01,2,33,12,17,30,3,5
1717,113054,2024-07-04,30,24,23,25,38,21,1
1718,113055,2024-07-08,11,32,30,10,13,37,5
1719,113056,2024-07-11,10,15,29,36,12,9,4
1720,113057,2024-07-15,25,4,33,1,11,19,2
1721,113058,2024-07-18,12,19,8,23,28,31,5
1722,113059,2024-07-22,11,31,32,17,38,14,8
1723,113060,2024-07-25,27,4,32,38,11,23,7
1724,113061,2024-07-29,3,11,27,6,30,28,1
1725,113062,2024-08-01,26,25,34,3,13,31,5
1726,113063,2024-08-05,7,35,2,14,29,15,3
1727,113064,2024-08-08,21,29,3,2,37,34,8
1728,113065,2024-08-12,2,10,9,20,30,17,4
1729,113066,2024-08-15,4,14,24,16,6,20,2
1730,113067,2024-08-19,10,17,21,6,22,29,6
1731,113068,2024-08-22,5,34,20,19,31,15,2
1732,113069,2024-08-26,26,15,18,25,30,29,1
1733,113070,2024-08-29,31,25,38,32,24,9,3
1734,113071,2024-09-02,24,9,37,31,16,27,4
1735,113072,2024-09-05,10,14,28,16,25,38,4
1736,113073,2024-09-09,31,27,22,21,7,36,7
1737,113074,2024-09-12,27,33,12,38,10,21,8
1738,113075,2024-09-16,8,17,25,23,26,14,4
1739,113076,2024-09-19,30,8,16,3,24,26,4
1740,113077,2024-09-23,13,4,24,14,23,29,8
1741,113078,2024-09-26,3,18,9,6,29,11,3
1742,113079,2024-09-30,13,14,33,3,9,17,5
1743,113080,2024-10-03,17,11,18,19,30,36,8
1744,113081,2024-10-07,29,22,9,27,21,36,5
1745,113082,2024-10-10,23,37,2,14,8,20,8
1746,113083,2024-10-14,10,22,23,27,6,25,8
1747,113084,2024-10-17,10,25,5,3,2,30,6
1748,113085,2024-10-21,4,6,23,38,13,19,7
1749,113086,2024-10-24,8,20,33,28,29,10,2
1750,113087,2024-10-28,23,35,37,9,33,11,2
1751,113088,2024-10-31,4,37,8,14,17,12,4
1752,113089,2024-11-04,20,14,23,7,22,1,1
1753,113090,2024-11-07,38,5,21,34,26,28,6
1754,113091,2024-11-11,9,28,17,33,8,3,2
1755,113092,2024-11-14,6,15,23,22,37,31,5
1756,113093,2024-11-18,13,38,36,9,8,21,8
1757,113094,2024-11-21,12,13,8,27,16,18,6
1758,113095,2024-11-25,7,33,14,25,37,19,3
1759,113096,2024-11-28,33,36,25,34,32,20,7
1760,113097,2024-12-02,22,38,8,21,37,36,5
1761,113098,2024-12-05,30,33,14,19,38,10,3
1762,113099,2024-12-09,31,36,18,13,30,26,5
1763,113100,2024-12-12,11,23,14,30,25,17,8
1764,113101,2024-12-16,3,37,30,27,19,36,7
1765,113102,2024-12-19,18,38,9,6,23,8,5
1766,113103,2024-12-23,37,15,25,16,18,34,4
1767,113104,2024-12-26,13,15,37,18,28,35,4
1768,113105,2024-12-30,8,12,16,6,31,23,1
1769,114001,2025-01-02,27,32,22,12,4,13,5
1770,114002,2025-01-06,17,38,14,29,4,31,7
1771,114003,2025-01-09,34,31,1,16,15,4,4
1772,114004,2025-01-13,33,3,26,28,22,13,2
1773,114005,2025-01-16,19,37,10,21,31,16,3
1774,114006,2025-01-20,11,8,37,27,29,13,2
1775,114007,2025-01-23,25,10,7,13,29,22,2
1776,114008,2025-01-27,15,2,35,25,18,10,8
1777,114009,2025-01-30,3,21,20,37,17,24,6
1778,114010,2025-02-03,33,36,15,31,7,4,6
1779,114011,2025-02-06,33,37,32,18,21,6,1
1780,114012,2025-02-10,6,7,13,8,24,14,4
1781,114013,2025-02-13,18,2,3,30,36,11,7
1782,114014,2025-02-17,21,1,17,31,34,23,1
1783,114015,2025-02-20,32,6,37,5,19,15,8
1784,114016,2025-02-24,24,16,15,35,23,7,2
1785,114017,2025-02-27,8,26,34,24,7,1,2
1786,114018,2025-03-03,12,32,15,23,26,20,5
1787,114019,2025-03-06,18,15,5,9,17,29,4
1788,114020,2025-03-10,17,20,31,13,27,16,2
1789,114021,2025-03-13,24,3,25,4,16,13,7
1790,114022,2025-03-17,18,3,1,28,2,12,4
1791,114023,2025-03-20,38,18,12,1,31,3,8
1792,114024,2025-03-24,33,17,25,24,3,22,3
1793,114025,2025-03-27,8,21,7,32,35,26,2
1794,114026,2025-03-31,7,20,9,6,12,2,4
1795,114027,2025-04-03,9,15,36,21,2,29,7
1796,114028,2025-04-07,13,36,31,24,25,21,4
1797,114029,2025-04-10,34,16,20,9,29,23,4
1798,114030,2025-04-14,20,29,9,5,1,38,2
1799,114031,2025-04-17,3,27,2,1,5,17,8
1800,114032,2025-04-21,5,29,9,35,20,36,8
1801,114033,2025-04-24,17,7,29,25,36,37,5
1802,114034,2025-04-28,29,17,32,2,14,19,5
1803,114035,2025-05-01,25,14,27,19,20,30,4
1804,114036,2025-05-05,11,8,35,7,19,9,4
1805,114037,2025-05-08,17,31,8,37,5,9,1
1806,114038,2025-05-12,8,34,38,35,26,2,4
1807,114039,2025-05-15,26,21,1,2,23,8,1
1808,114040,2025-05-19,15,10,22,37,29,27,3
1809,114041,2025-05-22,12,38,25,34,6,21,3
1810,114042,2025-05-26,17,23,37,14,13,24,6
1811,114043,2025-05-29,22,20,5,6,35,9,7
1812,114044,2025-06-02,1,18,31,21,5,16,2
1813,114045,2025-06-05,12,16,20,22,34,35,5
1814,114046,2025-06-09,3,7,9,19,24,31,2
1815,114047,2025-06-12,5,12	13,15,26,38,51816,114048,2025-06-16,4,11,12,18,21,26,3
1817,114049,2025-06-19,1,7,20,21,36,38,6
1818,114050,2025-06-23,6,11,20,31,32,33,6
1819,114051,2025-06-26,1,7,15,23,26,38,4
1820,114052,2025-06-30,1,3,9,15,22,27,5
1821,114053,2025-07-03,11,14,20,27,30,38,6
1822,114054,2025-07-07,7,9,14,23,37,38,3
1823,114055,2025-07-10,1,2,7,14,28,31,2
1824,114056,2025-07-14,3,6,19,22,37,38,4
1825,114057,2025-07-17,1,4,6,21,25,28,2
1826,114058,2025-07-21,10,18,20,24,36,38,4
1827,114059,2025-07-24,3,4,7,10,33,38,5
1828,114060,2025-07-28,12,16,18,22,24,36,5
1829,114061,2025-07-31,4,9,18,20,29,31,3
1830,114062,2025-08-04,15,16,22,27,30,32,1
1831,114063,2025-08-07,2,4,7,8,18,25,7
1832,114064,2025-08-11,3,5,9,16,18,19,2
1833,114065,2025-08-14,1,11,14,17,19,36,3
1834,114066,2025-08-18,2,5,8,17,20,26,6
1835,114067,2025-08-21,2,4,11,12,16,19,2
1836,114068,2025-08-25,1,12,14,21,36,37,3
1837,114069,2025-08-28,9,13,14,17,23,30,5
1838,114070,2025-09-01,2,7,16,18,28,29,4
1839,114071,2025-09-04,6,7,9,11,21,38,8
1840,114072,2025-09-08,7,8,14,15,25,36,6
1841,114073,2025-09-11,11,18,21,27,31,35,6
1842,114074,2025-09-15,4,16,20,33,34,38,2
1843,114075,2025-09-18,10,20,25,28,32,36,2
1844,114076,2025-09-22,10,11,14,22,31,33,2
1845,114077,2025-09-25,8,12,14,24,28,35,3
1846,114078,2025-09-29,12,16,17,20,27,36,3
1847,114079,2025-10-02,3,5,12,24,27,30,7
1848,114080,2025-10-06,5,6,9,14,15,37,5
1849,114081,2025-10-09,1,6,11,20,34,35,8
1850,114082,2025-10-13,4,6,8,18,24,28,1
1851,114083,2025-10-16,8,9,13,16,26,35,2
1852,114084,2025-10-20,8,12,19,22,24,32,5
1853,114085,2025-10-23,5,9,11,21,32,35,8
1854,114086,2025-10-27,1,11,16,20,27,36,6
1855,114087,2025-10-30,13,14,17,20,21,24,2
1856,114088,2025-11-03,4,18,20,30,32,35,4
1857,114089,2025-11-06,11,18,20,25,29,37,8
1858,114090,2025-11-10,6,12,28,29,31,32,4
1859,114091,2025-11-13,2,9,11,15,26,34,4
1860,114092,2025-11-17,17,18,19,28,34,36,6
1861,114093,2025-11-20,3,8,17,20,31,35,7
1816,114048,2025-06-16,4,11,12,18,21,26,3
1862,114094,2025-11-24,7,9,19,20,33,34,7
1863,114095,2025-11-27,4,9,16,26,33,35,2
1864,114096,2025-12-01,5,7,8,11,32,37,2
1865,114097,2025-12-04,3,6,7,10,29,33,1
1866,114098,2025-12-08,5,14,15,20,32,37,2
1867,114099,2025-12-11,5,6,11,15,22,37,7
1868,114100,2025-12-15,19,26,28,31,32,34,6
1869,114101,2025-12-18,8,15,16,21,29,37,5
1870,114102,2025-12-22,5,16,21,25,32,34,8
1871,114103,2025-12-25,6,12,21,22,28,34,8
1872,114104,2025-12-29,1,3,9,11,18,32,6
1873,115001,2026-01-01,7,14,22,23,31,35,1
1706,113043,2024-05-27,1,4,20,26,29,33,4
1707,113044,2024-05-30,6,7,16,21,27,31,6
1708,113045,2024-06-03,3,4,11,22,35,36,3
1709,113046,2024-06-06,5,13,17,25,33,38,1
1710,113047,2024-06-10,5,11,15,26,28,29,7
1711,113048,2024-06-13,2,5,15,18,32,35,3
1712,113049,2024-06-17,5,22,28,29,30,31,8
1713,113050,2024-06-20,10,11,24,27,30,36,7
1714,113051,2024-06-24,7,13,16,22,25,26,8
1715,113052,2024-06-27,2,11,14,15,17,29,1
1716,113053,2024-07-01,2,3,12,17,30,33,5
1717,113054,2024-07-04,21,23,24,25,30,38,1
1718,113055,2024-07-08,10,11,13,30,32,37,5
1719,113056,2024-07-11,9,10,12,15,29,36,4
1720,113057,2024-07-15,1,4,11,19,25,33,2
1721,113058,2024-07-18,8,12,19,23,28,31,5
1722,113059,2024-07-22,11,14,17,31,32,38,8
1723,113060,2024-07-25,4,11,23,27,32,38,7
1724,113061,2024-07-29,3,6,11,27,28,30,1
1725,113062,2024-08-01,3,13,25,26,31,34,5
1726,113063,2024-08-05,2,7,14,15,29,35,3
1727,113064,2024-08-08,2,3,21,29,34,37,8
1728,113065,2024-08-12,2,9,10,17,20,30,4
1729,113066,2024-08-15,4,6,14,16,20,24,2
1730,113067,2024-08-19,6,10,17,21,22,29,6
1731,113068,2024-08-22,5,15,19,20,31,34,2
1732,113069,2024-08-26,15,18,25,26,29,30,1
1733,113070,2024-08-29,9,24,25,31,32,38,3
1734,113071,2024-09-02,9,16,24,27,31,37,4
1735,113072,2024-09-05,10,14,16,25,28,38,4
1736,113073,2024-09-09,7,21,22,27,31,36,7
1737,113074,2024-09-12,10,12,21,27,33,38,8
1738,113075,2024-09-16,8,14,17,23,25,26,4
1739,113076,2024-09-19,3,8,16,24,26,30,4
1740,113077,2024-09-23,4,13,14,23,24,29,8
1741,113078,2024-09-26,3,6,9,11,18,29,3
1742,113079,2024-09-30,3,9,13,14,17,33,5
1743,113080,2024-10-03,11,17,18,19,30,36,8
1744,113081,2024-10-07,9,21,22,27,29,36,5
1745,113082,2024-10-10,2,8,14,20,23,37,8
1746,113083,2024-10-14,6,10,22,23,25,27,8
1747,113084,2024-10-17,2,3,5,10,25,30,6
1748,113085,2024-10-21,4,6,13,19,23,38,7
1749,113086,2024-10-24,8,10,20,28,29,33,2
1750,113087,2024-10-28,9,11,23,33,35,37,2
1751,113088,2024-10-31,4,8,12,14,17,37,4
1752,113089,2024-11-04,1,7,14,20,22,23,1
1753,113090,2024-11-07,5,21,26,28,34,38,6
1754,113091,2024-11-11,3,8,9,17,28,33,2
1755,113092,2024-11-14,6,15,22,23,31,37,5
1756,113093,2024-11-18,8,9,13,21,36,38,8
1757,113094,2024-11-21,8,12,13,16,18,27,6
1758,113095,2024-11-25,7,14,19,25,33,37,3
1759,113096,2024-11-28,20,25,32,33,34,36,7
1760,113097,2024-12-02,8,21,22,36,37,38,5
1761,113098,2024-12-05,10,14,19,30,33,38,3
1762,113099,2024-12-09,13,18,26,30,31,36,5
1763,113100,2024-12-12,11,14,17,23,25,30,8
1764,113101,2024-12-16,3,19,27,30,36,37,7
1765,113102,2024-12-19,6,8,9,18,23,38,5
1766,113103,2024-12-23,15,16,18,25,34,37,4
1767,113104,2024-12-26,13,15,18,28,35,37,4
1768,113105,2024-12-30,6,8,12,16,23,31,1
1769,114001,2025-01-02,4,12,13,22,27,32,5
1770,114002,2025-01-06,4,14,17,29,31,38,7
1771,114003,2025-01-09,1,4,15,16,31,34,4
1772,114004,2025-01-13,3,13,22,26,28,33,2
1773,114005,2025-01-16,10,16,19,21,31,37,3
1774,114006,2025-01-20,8,11,13,27,29,37,2
1775,114007,2025-01-23,7,10,13,22,25,29,2
1776,114008,2025-01-27,2,10,15,18,25,35,8
1777,114009,2025-01-30,3,17,20,21,24,37,6
1778,114010,2025-02-03,4,7,15,31,33,36,6
1779,114011,2025-02-06,6,18,21,32,33,37,1
1780,114012,2025-02-10,6,7,8,13,14,24,4
1781,114013,2025-02-13,2,3,11,18,30,36,7
1782,114014,2025-02-17,1,17,21,23,31,34,1
1783,114015,2025-02-20,5,6,15,19,32,37,8
1784,114016,2025-02-24,7,15,16,23,24,35,2
1785,114017,2025-02-27,1,7,8,24,26,34,2
1786,114018,2025-03-03,12,15,20,23,26,32,5
1787,114019,2025-03-06,5,9,15,17,18,29,4
1788,114020,2025-03-10,13,16,17,20,27,31,2
1789,114021,2025-03-13,3,4,13,16,24,25,7
1790,114022,2025-03-17,1,2,3,12,18,28,4
1791,114023,2025-03-20,1,3,12,18,31,38,8
1792,114024,2025-03-24,3,17,22,24,25,33,3
1793,114025,2025-03-27,7,8,21,26,32,35,2
1794,114026,2025-03-31,2,6,7,9,12,20,4
1795,114027,2025-04-03,2,9,15,21,29,36,7
1796,114028,2025-04-07,13,21,24,25,31,36,4
1797,114029,2025-04-10,9,16,20,23,29,34,4
1798,114030,2025-04-14,1,5,9,20,29,38,2
1799,114031,2025-04-17,1,2,3,5,17,27,8
1800,114032,2025-04-21,5,9,20,29,35,36,8
1801,114033,2025-04-24,7,17,25,29,36,37,5
1802,114034,2025-04-28,2,14,17,19,29,32,5
1803,114035,2025-05-01,14,19,20,25,27,30,4
1804,114036,2025-05-05,7,8,9,11,19,35,4
1805,114037,2025-05-08,5,8,9,17,31,37,1
1806,114038,2025-05-12,2,8,26,34,35,38,4
1807,114039,2025-05-15,1,2,8,21,23,26,1
1808,114040,2025-05-19,10,15,22,27,29,37,3
1809,114041,2025-05-22,6,12,21,25,34,38,3
1810,114042,2025-05-26,13,14,17,23,24,37,6
1811,114043,2025-05-29,5,6,9,20,22,35,7
1812,114044,2025-06-02,1,5,16,18,21,31,2
1813,114045,2025-06-05,12,16,20,22,34,35,5
1814,114046,2025-06-09,3,7,9,19,24,31,2
1815,114047,2025-06-12,5,12,13,15,26,38,5
1816,114048,2025-06-16,4,11,12,18,21,26,3
1817,114049,2025-06-19,1,7,20,21,36,38,6
1818,114050,2025-06-23,6,11,20,31,32,33,6
1819,114051,2025-06-26,1,7,15,23,26,38,4
1820,114052,2025-06-30,1,3,9,15,22,27,5
1821,114053,2025-07-03,11,14,20,27,30,38,6
1822,114054,2025-07-07,7,9,14,23,37,38,3
1823,114055,2025-07-10,1,2,7,14,28,31,2
1824,114056,2025-07-14,3,6,19,22,37,38,4
1825,114057,2025-07-17,1,4,6,21,25,28,2
1826,114058,2025-07-21,10,18,20,24,36,38,4
1827,114059,2025-07-24,3,4,7,10,33,38,5
1828,114060,2025-07-28,12,16,18,22,24,36,5
1829,114061,2025-07-31,4,9,18,20,29,31,3
1830,114062,2025-08-04,15,16,22,27,30,32,1
1831,114063,2025-08-07,2,4,7,8,18,25,7
1832,114064,2025-08-11,3,5,9,16,18,19,2
1833,114065,2025-08-14,1,11,14,17,19,36,3
1834,114066,2025-08-18,2,5,8,17,20,26,6
1835,114067,2025-08-21,2,4,11,12,16,19,2
1836,114068,2025-08-25,1,12,14,21,36,37,3
1837,114069,2025-08-28,9,13,14,17,23,30,5
1838,114070,2025-09-01,2,7,16,18,28,29,4
1839,114071,2025-09-04,6,7,9,11,21,38,8
1840,114072,2025-09-08,7,8,14,15,25,36,6
1841,114073,2025-09-11,11,18,21,27,31,35,6
1842,114074,2025-09-15,4,16,20,33,34,38,2
1843,114075,2025-09-18,10,20,25,28,32,36,2
1844,114076,2025-09-22,10,11,14,22,31,33,2
1845,114077,2025-09-25,8,12,14,24,28,35,3
1846,114078,2025-09-29,12,16,17,20,27,36,3
1847,114079,2025-10-02,3,5,12,24,27,30,7
1848,114080,2025-10-06,5,6,9,14,15,37,5
1849,114081,2025-10-09,1,6,11,20,34,35,8
1850,114082,2025-10-13,4,6,8,18,24,28,1
1851,114083,2025-10-16,8,9,13,16,26,35,2
1852,114084,2025-10-20,8,12,19,22,24,32,5
1853,114085,2025-10-23,5,9,11,21,32,35,8
1854,114086,2025-10-27,1,11,16,20,27,36,6
1855,114087,2025-10-30,13,14,17,20,21,24,2
1856,114088,2025-11-03,4,18,20,30,32,35,4
1857,114089,2025-11-06,11,18,20,25,29,37,8
1858,114090,2025-11-10,6,12,28,29,31,32,4
1859,114091,2025-11-13,2,9,11,15,26,34,4
1860,114092,2025-11-17,17,18,19,28,34,36,6
1861,114093,2025-11-20,3,8,17,20,31,35,7
1862,114094,2025-11-24,7,9,19,20,33,34,7
1863,114095,2025-11-27,4,9,16,26,33,35,2
1864,114096,2025-12-01,5,7,8,11,32,37,2
1865,114097,2025-12-04,3,6,7,10,29,33,1
1866,114098,2025-12-08,5,14,15,20,32,37,2
1867,114099,2025-12-11,5,6,11,15,22,37,7
1868,114100,2025-12-15,19,26,28,31,32,34,6
1869,114101,2025-12-18,8,15,16,21,29,37,5
1870,114102,2025-12-22,5,16,21,25,32,34,8
1871,114103,2025-12-25,6,12,21,22,28,34,8
1872,114104,2025-12-29,1,3,9,11,18,32,6
1873,115001,2026-01-01,7,14,22,23,31,35,1
1874,115002,2026-01-05,11,14,19,25,34,37,4
1875,115003,2026-01-08,7,17,25,26,27,33,3
1876,115004,2026-01-12,1,9,14,17,33,38,3
1877,115005,2026-01-15,8,10,16,26,31,38,5
1878,115006,2026-01-19,10,16,20,23,35,37,5
